<?xml version="1.0" encoding="UTF-8" standalone="yes"?>
<types>
	<type name="mmg_craftable_tent_kit">
        <nominal>0</nominal>
        <lifetime>14400</lifetime>
        <restock>7200</restock>
        <min>0</min>
        <quantmin>-1</quantmin>
        <quantmax>-1</quantmax>
        <cost>100</cost>
        <flags count_in_cargo="0" count_in_hoarder="0" count_in_map="1" count_in_player="0" crafted="0" deloot="0"/>
        <category name="tools"/>
        <tag name="floor"/>
        <usage name="Industrial"/>
        <usage name="Farm"/>
    </type>
    <type name="mmg_craftable_tent">
        <lifetime>3628800</lifetime>
        <flags count_in_cargo="0" count_in_hoarder="0" count_in_map="1" count_in_player="0" crafted="1" deloot="0"/>
    </type>
    <type name="mmg_crate04_olive">
        <nominal>0</nominal>
        <lifetime>3628800</lifetime>
        <restock>7200</restock>
        <min>0</min>
        <quantmin>-1</quantmin>
        <quantmax>-1</quantmax>
        <cost>100</cost>
        <flags count_in_cargo="0" count_in_hoarder="1" count_in_map="1" count_in_player="0" crafted="0" deloot="0"/>
        <category name="tools"/>
        <tag name="floor"/>
        <usage name="Industrial"/>
        <usage name="Farm"/>
    </type>
    <type name="mmg_crate04_black">
        <nominal>0</nominal>
        <lifetime>3628800</lifetime>
        <restock>7200</restock>
        <min>0</min>
        <quantmin>-1</quantmin>
        <quantmax>-1</quantmax>
        <cost>100</cost>
        <flags count_in_cargo="0" count_in_hoarder="1" count_in_map="1" count_in_player="0" crafted="0" deloot="0"/>
        <category name="tools"/>
        <tag name="floor"/>
        <usage name="Industrial"/>
        <usage name="Farm"/>
    </type>
    <type name="mmg_crate04_blue">
        <nominal>0</nominal>
        <lifetime>3628800</lifetime>
        <restock>7200</restock>
        <min>0</min>
        <quantmin>-1</quantmin>
        <quantmax>-1</quantmax>
        <cost>100</cost>
        <flags count_in_cargo="0" count_in_hoarder="0" count_in_map="1" count_in_player="0" crafted="0" deloot="0"/>
        <category name="tools"/>
        <tag name="floor"/>
        <usage name="Industrial"/>
        <usage name="Farm"/>
    </type>
    <type name="mmg_crate04_yellow">
        <nominal>0</nominal>
        <lifetime>3628800</lifetime>
        <restock>7200</restock>
        <min>0</min>
        <quantmin>-1</quantmin>
        <quantmax>-1</quantmax>
        <cost>100</cost>
        <flags count_in_cargo="0" count_in_hoarder="1" count_in_map="1" count_in_player="0" crafted="0" deloot="0"/>
        <category name="tools"/>
        <tag name="floor"/>
        <usage name="Industrial"/>
        <usage name="Farm"/>
    </type>
    <type name="mmg_crate04_red">
        <nominal>0</nominal>
        <lifetime>3628800</lifetime>
        <restock>7200</restock>
        <min>0</min>
        <quantmin>-1</quantmin>
        <quantmax>-1</quantmax>
        <cost>100</cost>
        <flags count_in_cargo="0" count_in_hoarder="0" count_in_map="1" count_in_player="0" crafted="0" deloot="0"/>
        <category name="tools"/>
        <tag name="floor"/>
        <usage name="Industrial"/>
        <usage name="Farm"/>
    </type>
    <type name="mmg_grenade_case_green">
        <nominal>0</nominal>
        <lifetime>3628800</lifetime>
        <restock>7200</restock>
        <min>0</min>
        <quantmin>-1</quantmin>
        <quantmax>-1</quantmax>
        <cost>100</cost>
        <flags count_in_cargo="0" count_in_hoarder="1" count_in_map="1" count_in_player="0" crafted="0" deloot="0"/>
        <category name="tools"/>
        <tag name="floor"/>
        <usage name="Industrial"/>
        <usage name="Farm"/>
    </type>
    <type name="mmg_supply_crate_wood">
        <nominal>0</nominal>
        <lifetime>3628800</lifetime>
        <restock>7200</restock>
        <min>0</min>
        <quantmin>-1</quantmin>
        <quantmax>-1</quantmax>
        <cost>100</cost>
        <flags count_in_cargo="0" count_in_hoarder="0" count_in_map="1" count_in_player="0" crafted="0" deloot="0"/>
        <category name="tools"/>
        <tag name="floor"/>
        <usage name="Industrial"/>
        <usage name="Farm"/>
    </type>
    <type name="mmg_supply_crate_grey">
        <nominal>0</nominal>
        <lifetime>3628800</lifetime>
        <restock>7200</restock>
        <min>0</min>
        <quantmin>-1</quantmin>
        <quantmax>-1</quantmax>
        <cost>100</cost>
        <flags count_in_cargo="0" count_in_hoarder="1" count_in_map="1" count_in_player="0" crafted="0" deloot="0"/>
        <category name="tools"/>
        <tag name="floor"/>
        <usage name="Industrial"/>
        <usage name="Farm"/>
    </type>
	<type name="mmg_equipment_locker_green_kit">
        <nominal>0</nominal>
        <lifetime>14400</lifetime>
        <restock>7200</restock>
        <min>0</min>
        <quantmin>-1</quantmin>
        <quantmax>-1</quantmax>
        <cost>100</cost>
        <flags count_in_cargo="0" count_in_hoarder="1" count_in_map="1" count_in_player="0" crafted="0" deloot="0"/>
        <category name="tools"/>
        <tag name="floor"/>
        <usage name="Industrial"/>
		<usage name="Military"/>
    </type>
    <type name="mmg_equipment_locker_green">
        <lifetime>3628800</lifetime>
        <flags count_in_cargo="0" count_in_hoarder="1" count_in_map="1" count_in_player="0" crafted="1" deloot="0"/>
    </type>
	<type name="mmg_equipment_locker_black_kit">
        <nominal>0</nominal>
        <lifetime>14400</lifetime>
        <restock>7200</restock>
        <min>0</min>
        <quantmin>-1</quantmin>
        <quantmax>-1</quantmax>
        <cost>100</cost>
        <flags count_in_cargo="0" count_in_hoarder="0" count_in_map="1" count_in_player="0" crafted="0" deloot="0"/>
        <category name="tools"/>
        <tag name="floor"/>
        <usage name="Industrial"/>
		<usage name="Military"/>
    </type>
    <type name="mmg_equipment_locker_black">
        <lifetime>3628800</lifetime>
        <flags count_in_cargo="0" count_in_hoarder="1" count_in_map="1" count_in_player="0" crafted="1" deloot="0"/>
    </type>
	<type name="mmg_equipment_locker_grey_kit">
        <nominal>0</nominal>
        <lifetime>14400</lifetime>
        <restock>7200</restock>
        <min>0</min>
        <quantmin>-1</quantmin>
        <quantmax>-1</quantmax>
        <cost>100</cost>
        <flags count_in_cargo="0" count_in_hoarder="0" count_in_map="1" count_in_player="0" crafted="0" deloot="0"/>
        <category name="tools"/>
        <tag name="floor"/>
        <usage name="Industrial"/>
		<usage name="Military"/>
    </type>
    <type name="mmg_equipment_locker_grey">
        <lifetime>3628800</lifetime>
        <flags count_in_cargo="0" count_in_hoarder="1" count_in_map="1" count_in_player="0" crafted="1" deloot="0"/>
    </type>
    <type name="mmg_armored_cabinet_grey">
        <nominal>0</nominal>
        <lifetime>3628800</lifetime>
        <restock>7200</restock>
        <min>0</min>
        <quantmin>-1</quantmin>
        <quantmax>-1</quantmax>
        <cost>100</cost>
        <flags count_in_cargo="0" count_in_hoarder="0" count_in_map="1" count_in_player="0" crafted="0" deloot="0"/>
        <category name="tools"/>
        <tag name="floor"/>
        <usage name="Industrial"/>
        <usage name="Military"/>
    </type>
    <type name="mmg_armored_cabinet_green">
        <nominal>0</nominal>
        <lifetime>3628800</lifetime>
        <restock>7200</restock>
        <min>0</min>
        <quantmin>-1</quantmin>
        <quantmax>-1</quantmax>
        <cost>100</cost>
        <flags count_in_cargo="0" count_in_hoarder="1" count_in_map="1" count_in_player="0" crafted="0" deloot="0"/>
        <category name="tools"/>
        <tag name="floor"/>
        <usage name="Industrial"/>
        <usage name="Military"/>
    </type>
    <type name="mmg_armored_cabinet_rusty">
        <nominal>0</nominal>
        <lifetime>3628800</lifetime>
        <restock>7200</restock>
        <min>0</min>
        <quantmin>-1</quantmin>
        <quantmax>-1</quantmax>
        <cost>100</cost>
        <flags count_in_cargo="0" count_in_hoarder="1" count_in_map="1" count_in_player="0" crafted="0" deloot="0"/>
        <category name="tools"/>
        <tag name="floor"/>
        <usage name="Industrial"/>
        <usage name="Military"/>
    </type>
	<type name="mmg_locker02_blue_kit">
        <nominal>0</nominal>
        <lifetime>14400</lifetime>
        <restock>7200</restock>
        <min>0</min>
        <quantmin>-1</quantmin>
        <quantmax>-1</quantmax>
        <cost>100</cost>
        <flags count_in_cargo="0" count_in_hoarder="1" count_in_map="1" count_in_player="0" crafted="0" deloot="0"/>
        <category name="tools"/>
        <tag name="floor"/>
        <usage name="Industrial"/>
		<usage name="Military"/>
    </type>
    <type name="mmg_locker02_blue">
        <lifetime>3628800</lifetime>
        <flags count_in_cargo="0" count_in_hoarder="1" count_in_map="1" count_in_player="0" crafted="1" deloot="0"/>
    </type>
	<type name="mmg_locker02_green_kit">
        <nominal>0</nominal>
        <lifetime>14400</lifetime>
        <restock>7200</restock>
        <min>0</min>
        <quantmin>-1</quantmin>
        <quantmax>-1</quantmax>
        <cost>100</cost>
        <flags count_in_cargo="0" count_in_hoarder="0" count_in_map="1" count_in_player="0" crafted="0" deloot="0"/>
        <category name="tools"/>
        <tag name="floor"/>
        <usage name="Industrial"/>
		<usage name="Military"/>
    </type>
    <type name="mmg_locker02_green">
        <lifetime>3628800</lifetime>
        <flags count_in_cargo="0" count_in_hoarder="0" count_in_map="1" count_in_player="0" crafted="1" deloot="0"/>
    </type>
	<type name="mmg_locker02_tan_kit">
        <nominal>0</nominal>
        <lifetime>14400</lifetime>
        <restock>7200</restock>
        <min>0</min>
        <quantmin>-1</quantmin>
        <quantmax>-1</quantmax>
        <cost>100</cost>
        <flags count_in_cargo="0" count_in_hoarder="0" count_in_map="1" count_in_player="0" crafted="0" deloot="0"/>
        <category name="tools"/>
        <tag name="floor"/>
        <usage name="Industrial"/>
		<usage name="Military"/>
    </type>
    <type name="mmg_locker02_tan">
        <lifetime>3628800</lifetime>
        <flags count_in_cargo="0" count_in_hoarder="0" count_in_map="1" count_in_player="0" crafted="1" deloot="0"/>
    </type>
    <type name="mmg_old_safe_green">
        <nominal>0</nominal>
        <lifetime>3628800</lifetime>
        <restock>7200</restock>
        <min>0</min>
        <quantmin>-1</quantmin>
        <quantmax>-1</quantmax>
        <cost>100</cost>
        <flags count_in_cargo="0" count_in_hoarder="0" count_in_map="1" count_in_player="0" crafted="0" deloot="0"/>
        <category name="tools"/>
        <tag name="floor"/>
        <usage name="Industrial"/>
		<usage name="Military"/>
		<usage name="Farm"/>
    </type>
    <type name="mmg_old_safe_grey">
        <nominal>0</nominal>
        <lifetime>3628800</lifetime>
        <restock>7200</restock>
        <min>0</min>
        <quantmin>-1</quantmin>
        <quantmax>-1</quantmax>
        <cost>100</cost>
        <flags count_in_cargo="0" count_in_hoarder="0" count_in_map="1" count_in_player="0" crafted="0" deloot="0"/>
        <category name="tools"/>
        <tag name="floor"/>
        <usage name="Industrial"/>
		<usage name="Military"/>
		<usage name="Farm"/>
	</type>
	<type name="mmg_gun_rack_kit_blue">
        <nominal>0</nominal>
        <lifetime>14400</lifetime>
        <restock>7200</restock>
        <min>0</min>
        <quantmin>-1</quantmin>
        <quantmax>-1</quantmax>
        <cost>100</cost>
        <flags count_in_cargo="0" count_in_hoarder="0" count_in_map="1" count_in_player="0" crafted="0" deloot="0"/>
        <category name="tools"/>
        <tag name="floor"/>
        <usage name="Industrial"/>
        <usage name="Military"/>
    </type>
    <type name="mmg_gun_rack_blue">
        <lifetime>3628800</lifetime>
        <flags count_in_cargo="0" count_in_hoarder="0" count_in_map="1" count_in_player="0" crafted="1" deloot="0"/>
    </type>
	<type name="mmg_gun_rack_kit_green">
        <nominal>0</nominal>
        <lifetime>14400</lifetime>
        <restock>7200</restock>
        <min>0</min>
        <quantmin>1</quantmin>
        <quantmax>20</quantmax>
        <cost>100</cost>
        <flags count_in_cargo="0" count_in_hoarder="0" count_in_map="1" count_in_player="0" crafted="0" deloot="0"/>
        <category name="tools"/>
        <tag name="floor"/>
        <usage name="Industrial"/>
        <usage name="Military"/>
    </type>
    <type name="mmg_gun_rack_green">
        <lifetime>3628800</lifetime>
        <flags count_in_cargo="0" count_in_hoarder="0" count_in_map="1" count_in_player="0" crafted="1" deloot="0"/>
    </type>
	<type name="mmg_gun_rack_kit_tan">
        <nominal>0</nominal>
        <lifetime>14400</lifetime>
        <restock>7200</restock>
        <min>0</min>
        <quantmin>1</quantmin>
        <quantmax>40</quantmax>
        <cost>100</cost>
        <flags count_in_cargo="0" count_in_hoarder="0" count_in_map="1" count_in_player="0" crafted="0" deloot="0"/>
        <category name="tools"/>
        <tag name="floor"/>
        <usage name="Industrial"/>
        <usage name="Military"/>
    </type>
    <type name="mmg_gun_rack_tan">
        <lifetime>3628800</lifetime>
        <flags count_in_cargo="0" count_in_hoarder="0" count_in_map="1" count_in_player="0" crafted="1" deloot="0"/>
    </type>
    <type name="mmg_gun_rack_planks">
        <nominal>0</nominal>
        <lifetime>14400</lifetime>
        <restock>7200</restock>
        <min>0</min>
        <quantmin>-1</quantmin>
        <quantmax>-1</quantmax>
        <cost>100</cost>
        <flags count_in_cargo="0" count_in_hoarder="0" count_in_map="1" count_in_player="0" crafted="0" deloot="0"/>
        <category name="tools"/>
        <tag name="floor"/>
        <usage name="Industrial"/>
        <usage name="Military"/>
		<usage name="Farm"/>
    </type>
    <type name="mmg_craftable_gun_rack">
        <lifetime>3628800</lifetime>
        <flags count_in_cargo="0" count_in_hoarder="0" count_in_map="1" count_in_player="0" crafted="1" deloot="0"/>
    </type>
	<type name="mmg_lockable_gun_rack_kit_grey">
        <nominal>0</nominal>
        <lifetime>14400</lifetime>
        <restock>7200</restock>
        <min>0</min>
        <quantmin>-1</quantmin>
        <quantmax>-1</quantmax>
        <cost>100</cost>
        <flags count_in_cargo="0" count_in_hoarder="0" count_in_map="1" count_in_player="0" crafted="0" deloot="0"/>
        <category name="tools"/>
        <tag name="floor"/>
        <usage name="Industrial"/>
        <usage name="Military"/>
    </type>
    <type name="mmg_lockable_gun_rack_grey">
        <lifetime>3628800</lifetime>
        <flags count_in_cargo="0" count_in_hoarder="0" count_in_map="1" count_in_player="0" crafted="1" deloot="0"/>
    </type>
	<type name="mmg_gun_wall_kit_wooden">
        <nominal>0</nominal>
        <lifetime>14400</lifetime>
        <restock>7200</restock>
        <min>0</min>
        <quantmin>-1</quantmin>
        <quantmax>-1</quantmax>
        <cost>100</cost>
        <flags count_in_cargo="0" count_in_hoarder="0" count_in_map="1" count_in_player="0" crafted="0" deloot="0"/>
        <category name="tools"/>
        <tag name="floor"/>
        <usage name="Industrial"/>
        <usage name="Military"/>
		<usage name="Farm"/>
    </type>
    <type name="mmg_gun_wall_wooden">
        <lifetime>3628800</lifetime>
        <flags count_in_cargo="0" count_in_hoarder="0" count_in_map="1" count_in_player="0" crafted="1" deloot="0"/>
    </type>
	<type name="mmg_gun_wall_kit_metal">
        <nominal>0</nominal>
        <lifetime>14400</lifetime>
        <restock>7200</restock>
        <min>0</min>
        <quantmin>-1</quantmin>
        <quantmax>-1</quantmax>
        <cost>100</cost>
        <flags count_in_cargo="0" count_in_hoarder="0" count_in_map="1" count_in_player="0" crafted="0" deloot="0"/>
        <category name="tools"/>
        <tag name="floor"/>
        <usage name="Industrial"/>
        <usage name="Military"/>
		<usage name="Farm"/>
    </type>
    <type name="mmg_gun_wall_metal">
        <lifetime>3628800</lifetime>
        <flags count_in_cargo="0" count_in_hoarder="0" count_in_map="1" count_in_player="0" crafted="1" deloot="0"/>
    </type>
    <type name="mmg_army_box_green">
        <nominal>0</nominal>
        <lifetime>3628800</lifetime>
        <restock>7200</restock>
        <min>0</min>
        <quantmin>-1</quantmin>
        <quantmax>-1</quantmax>
        <cost>100</cost>
        <flags count_in_cargo="0" count_in_hoarder="0" count_in_map="1" count_in_player="0" crafted="0" deloot="0"/>
        <category name="tools"/>
        <tag name="floor"/>
        <usage name="Industrial"/>
        <usage name="Military"/>
    </type>
    <type name="mmg_army_box_medic">
        <nominal>0</nominal>
        <lifetime>3628800</lifetime>
        <restock>7200</restock>
        <min>0</min>
        <quantmin>-1</quantmin>
        <quantmax>-1</quantmax>
        <cost>100</cost>
        <flags count_in_cargo="0" count_in_hoarder="0" count_in_map="1" count_in_player="0" crafted="0" deloot="0"/>
        <category name="tools"/>
        <tag name="floor"/>
        <usage name="Industrial"/>
        <usage name="Military"/>
    </type>
    <type name="mmg_army_box_medic_grey">
        <nominal>0</nominal>
        <lifetime>3628800</lifetime>
        <restock>7200</restock>
        <min>0</min>
        <quantmin>-1</quantmin>
        <quantmax>-1</quantmax>
        <cost>100</cost>
        <flags count_in_cargo="0" count_in_hoarder="0" count_in_map="1" count_in_player="0" crafted="0" deloot="0"/>
        <category name="tools"/>
        <tag name="floor"/>
        <usage name="Industrial"/>
        <usage name="Military"/>
    </type>
    <type name="mmg_military_case_green">
        <nominal>0</nominal>
        <lifetime>3628800</lifetime>
        <restock>7200</restock>
        <min>0</min>
        <quantmin>-1</quantmin>
        <quantmax>-1</quantmax>
        <cost>100</cost>
        <flags count_in_cargo="0" count_in_hoarder="0" count_in_map="1" count_in_player="0" crafted="0" deloot="0"/>
        <category name="tools"/>
        <tag name="floor"/>
        <usage name="Industrial"/>
        <usage name="Military"/>
    </type>
    <type name="mmg_weapon_crate_wood">
        <nominal>0</nominal>
        <lifetime>3628800</lifetime>
        <restock>7200</restock>
        <min>0</min>
        <quantmin>-1</quantmin>
        <quantmax>-1</quantmax>
        <cost>100</cost>
        <flags count_in_cargo="0" count_in_hoarder="0" count_in_map="1" count_in_player="0" crafted="0" deloot="0"/>
        <category name="tools"/>
        <tag name="floor"/>
        <usage name="Industrial"/>
        <usage name="Military"/>
		<usage name="Farm"/>
    </type>
	<type name="mmg_palette_storage_kit">
        <nominal>0</nominal>
        <lifetime>14400</lifetime>
        <restock>7200</restock>
        <min>0</min>
        <quantmin>-1</quantmin>
        <quantmax>-1</quantmax>
        <cost>100</cost>
        <flags count_in_cargo="0" count_in_hoarder="0" count_in_map="1" count_in_player="0" crafted="0" deloot="0"/>
        <category name="tools"/>
        <tag name="floor"/>
        <usage name="Industrial"/>
        <usage name="Farm"/>
    </type>
    <type name="mmg_palette_storage">
        <nominal>0</nominal>
        <lifetime>3628800</lifetime>
        <restock>7200</restock>
        <min>0</min>
        <quantmin>-1</quantmin>
        <quantmax>-1</quantmax>
        <cost>100</cost>
        <flags count_in_cargo="0" count_in_hoarder="0" count_in_map="1" count_in_player="0" crafted="0" deloot="0"/>
        <category name="tools"/>
        <tag name="floor"/>
        <usage name="Industrial"/>
        <usage name="Military"/>
		<usage name="Farm"/>
    </type>
	<type name="mmg_fridge_kit_beige">
        <nominal>0</nominal>
        <lifetime>14400</lifetime>
        <restock>7200</restock>
        <min>0</min>
        <quantmin>-1</quantmin>
        <quantmax>-1</quantmax>
        <cost>100</cost>
        <flags count_in_cargo="0" count_in_hoarder="0" count_in_map="1" count_in_player="0" crafted="0" deloot="0"/>
        <category name="tools"/>
        <tag name="floor"/>
        <usage name="Industrial"/>
		<usage name="Civilian"/>
        <usage name="Farm"/>
    </type>
    <type name="mmg_fridge_minsk_beige">
        <lifetime>3628800</lifetime>
        <flags count_in_cargo="0" count_in_hoarder="0" count_in_map="1" count_in_player="0" crafted="1" deloot="0"/>
    </type>
	<type name="mmg_fridge_kit_blue">
        <nominal>0</nominal>
        <lifetime>14400</lifetime>
        <restock>7200</restock>
        <min>0</min>
        <quantmin>-1</quantmin>
        <quantmax>-1</quantmax>
        <cost>100</cost>
        <flags count_in_cargo="0" count_in_hoarder="0" count_in_map="1" count_in_player="0" crafted="0" deloot="0"/>
        <category name="tools"/>
        <tag name="floor"/>
        <usage name="Industrial"/>
		<usage name="Civilian"/>
        <usage name="Farm"/>
    </type>
    <type name="mmg_fridge_minsk_blue">
        <lifetime>3628800</lifetime>
        <flags count_in_cargo="0" count_in_hoarder="0" count_in_map="1" count_in_player="0" crafted="1" deloot="0"/>
    </type>
	<type name="mmg_toolwagon_kit">
        <nominal>0</nominal>
        <lifetime>14400</lifetime>
        <restock>7200</restock>
        <min>0</min>
        <quantmin>-1</quantmin>
        <quantmax>-1</quantmax>
        <cost>100</cost>
        <flags count_in_cargo="0" count_in_hoarder="0" count_in_map="1" count_in_player="0" crafted="0" deloot="0"/>
        <category name="tools"/>
        <tag name="floor"/>
        <usage name="Industrial"/>
        <usage name="Farm"/>
    </type>
    <type name="mmg_toolwagon_red">
        <nominal>0</nominal>
        <lifetime>3628800</lifetime>
        <restock>7200</restock>
        <min>0</min>
        <quantmin>-1</quantmin>
        <quantmax>-1</quantmax>
        <cost>100</cost>
        <flags count_in_cargo="0" count_in_hoarder="0" count_in_map="1" count_in_player="0" crafted="0" deloot="0"/>
        <category name="tools"/>
        <tag name="floor"/>
        <usage name="Industrial"/>
		<usage name="Farm"/>
    </type>
	<type name="mmg_gear_stand_kit">
        <nominal>0</nominal>
        <lifetime>14400</lifetime>
        <restock>7200</restock>
        <min>0</min>
        <quantmin>-1</quantmin>
        <quantmax>-1</quantmax>
        <cost>100</cost>
        <flags count_in_cargo="0" count_in_hoarder="0" count_in_map="1" count_in_player="0" crafted="0" deloot="0"/>
        <category name="tools"/>
        <tag name="floor"/>
        <usage name="Industrial"/>
		<usage name="Military"/>
    </type>
	<type name="mmg_gear_stand">
        <nominal>0</nominal>
        <lifetime>3628800</lifetime>
        <restock>0</restock>
        <min>0</min>
        <quantmin>-1</quantmin>
        <quantmax>-1</quantmax>
        <cost>100</cost>
        <flags count_in_cargo="0" count_in_hoarder="0" count_in_map="1" count_in_player="0" crafted="0" deloot="0"/>
        <category name="tools"/>
        <tag name="floor"/>
        <usage name="Industrial"/>
		<usage name="Military"/>
    </type>
	<type name="mmg_planter_box_kit">
        <nominal>0</nominal>
        <lifetime>14400</lifetime>
        <restock>7200</restock>
        <min>0</min>
        <quantmin>-1</quantmin>
        <quantmax>-1</quantmax>
        <cost>100</cost>
        <flags count_in_cargo="0" count_in_hoarder="0" count_in_map="1" count_in_player="0" crafted="0" deloot="0"/>
        <category name="tools"/>
        <tag name="floor"/>
        <usage name="Industrial"/>
        <usage name="Farm"/>
    </type>
    <type name="mmg_planter_box">
        <lifetime>3628800</lifetime>
        <flags count_in_cargo="0" count_in_hoarder="0" count_in_map="1" count_in_player="0" crafted="1" deloot="0"/>
    </type>
	<type name="mmg_greenhouse_kit">
        <nominal>15</nominal>
        <lifetime>14400</lifetime>
        <restock>3600</restock>
        <min>6</min>
        <quantmin>-1</quantmin>
        <quantmax>-1</quantmax>
        <cost>100</cost>
        <flags count_in_cargo="0" count_in_hoarder="0" count_in_map="1" count_in_player="0" crafted="0" deloot="0"/>
        <category name="tools"/>
        <tag name="floor"/>
        <usage name="Village"/>
        <usage name="Farm"/>
    </type>
    <type name="mmg_greenhouse">
        <lifetime>3628800</lifetime>
        <flags count_in_cargo="0" count_in_hoarder="0" count_in_map="1" count_in_player="0" crafted="1" deloot="0"/>
    </type>
	<type name="mmg_old_table">
        <nominal>0</nominal>
        <lifetime>3628800</lifetime>
        <restock>7200</restock>
        <min>0</min>
        <quantmin>-1</quantmin>
        <quantmax>-1</quantmax>
        <cost>100</cost>
        <flags count_in_cargo="0" count_in_hoarder="0" count_in_map="1" count_in_player="0" crafted="0" deloot="0"/>
        <category name="tools"/>
        <tag name="floor"/>
        <usage name="Industrial"/>
        <usage name="Farm"/>
    </type>
	<type name="mmg_wall_shelf_wood">
        <nominal>0</nominal>
        <lifetime>3628800</lifetime>
        <restock>7200</restock>
        <min>0</min>
        <quantmin>-1</quantmin>
        <quantmax>-1</quantmax>
        <cost>100</cost>
        <flags count_in_cargo="0" count_in_hoarder="0" count_in_map="1" count_in_player="0" crafted="0" deloot="0"/>
        <category name="tools"/>
        <tag name="floor"/>
        <usage name="Industrial"/>
        <usage name="Farm"/>
    </type>
	<type name="mmg_solo_locker_yellow_kit">
        <nominal>0</nominal>
        <lifetime>14400</lifetime>
        <restock>7200</restock>
        <min>0</min>
        <quantmin>-1</quantmin>
        <quantmax>-1</quantmax>
        <cost>100</cost>
        <flags count_in_cargo="0" count_in_hoarder="0" count_in_map="1" count_in_player="0" crafted="0" deloot="0"/>
        <category name="tools"/>
        <tag name="floor"/>
        <usage name="Industrial"/>
        <usage name="Farm"/>
    </type>
    <type name="mmg_solo_locker_yellow">
        <lifetime>3628800</lifetime>
        <flags count_in_cargo="0" count_in_hoarder="0" count_in_map="1" count_in_player="0" crafted="1" deloot="0"/>
    </type>
	<type name="mmg_craftable_tent_kit">
        <nominal>0</nominal>
        <lifetime>14400</lifetime>
        <restock>7200</restock>
        <min>0</min>
        <quantmin>-1</quantmin>
        <quantmax>-1</quantmax>
        <cost>100</cost>
        <flags count_in_cargo="0" count_in_hoarder="0" count_in_map="1" count_in_player="0" crafted="0" deloot="0"/>
        <category name="tools"/>
        <tag name="floor"/>
        <usage name="Industrial"/>
        <usage name="Farm"/>
    </type>
    <type name="mmg_craftable_tent">
        <lifetime>3628800</lifetime>
        <flags count_in_cargo="0" count_in_hoarder="0" count_in_map="1" count_in_player="0" crafted="1" deloot="0"/>
    </type>
	<type name="mmg_solo_locker_blue_kit">
        <nominal>0</nominal>
        <lifetime>14400</lifetime>
        <restock>7200</restock>
        <min>0</min>
        <quantmin>-1</quantmin>
        <quantmax>-1</quantmax>
        <cost>100</cost>
        <flags count_in_cargo="0" count_in_hoarder="0" count_in_map="1" count_in_player="0" crafted="0" deloot="0"/>
        <category name="tools"/>
        <tag name="floor"/>
        <usage name="Industrial"/>
        <usage name="Farm"/>
    </type>
    <type name="mmg_solo_locker_blue">
        <lifetime>3628800</lifetime>
        <flags count_in_cargo="0" count_in_hoarder="0" count_in_map="1" count_in_player="0" crafted="1" deloot="0"/>
    </type>
	<type name="mmg_solo_locker_red_kit">
        <nominal>0</nominal>
        <lifetime>14400</lifetime>
        <restock>7200</restock>
        <min>0</min>
        <quantmin>-1</quantmin>
        <quantmax>-1</quantmax>
        <cost>100</cost>
        <flags count_in_cargo="0" count_in_hoarder="0" count_in_map="1" count_in_player="0" crafted="0" deloot="0"/>
        <category name="tools"/>
        <tag name="floor"/>
        <usage name="Industrial"/>
        <usage name="Farm"/>
    </type>
    <type name="mmg_solo_locker_red">
        <lifetime>3628800</lifetime>
        <flags count_in_cargo="0" count_in_hoarder="0" count_in_map="1" count_in_player="0" crafted="1" deloot="0"/>
    </type>
	<type name="mmg_solo_locker_grey_kit">
        <nominal>0</nominal>
        <lifetime>14400</lifetime>
        <restock>7200</restock>
        <min>0</min>
        <quantmin>-1</quantmin>
        <quantmax>-1</quantmax>
        <cost>100</cost>
        <flags count_in_cargo="0" count_in_hoarder="0" count_in_map="1" count_in_player="0" crafted="0" deloot="0"/>
        <category name="tools"/>
        <tag name="floor"/>
        <usage name="Industrial"/>
        <usage name="Farm"/>
    </type>
    <type name="mmg_solo_locker_grey">
        <lifetime>3628800</lifetime>
        <flags count_in_cargo="0" count_in_hoarder="0" count_in_map="1" count_in_player="0" crafted="1" deloot="0"/>
    </type>
	<type name="mmg_solo_locker_purple_kit">
        <nominal>0</nominal>
        <lifetime>14400</lifetime>
        <restock>7200</restock>
        <min>0</min>
        <quantmin>-1</quantmin>
        <quantmax>-1</quantmax>
        <cost>100</cost>
        <flags count_in_cargo="0" count_in_hoarder="0" count_in_map="1" count_in_player="0" crafted="0" deloot="0"/>
        <category name="tools"/>
        <tag name="floor"/>
        <usage name="Industrial"/>
        <usage name="Farm"/>
    </type>
    <type name="mmg_solo_locker_purple">
        <lifetime>3628800</lifetime>
        <flags count_in_cargo="0" count_in_hoarder="0" count_in_map="1" count_in_player="0" crafted="1" deloot="0"/>
    </type>
	<type name="mmg_solo_locker_green_kit">
        <nominal>0</nominal>
        <lifetime>14400</lifetime>
        <restock>7200</restock>
        <min>0</min>
        <quantmin>-1</quantmin>
        <quantmax>-1</quantmax>
        <cost>100</cost>
        <flags count_in_cargo="0" count_in_hoarder="0" count_in_map="1" count_in_player="0" crafted="0" deloot="0"/>
        <category name="tools"/>
        <tag name="floor"/>
        <usage name="Industrial"/>
        <usage name="Farm"/>
    </type>
    <type name="mmg_solo_locker_green">
        <lifetime>3628800</lifetime>
        <flags count_in_cargo="0" count_in_hoarder="0" count_in_map="1" count_in_player="0" crafted="1" deloot="0"/>
    </type>
	<type name="mmg_solo_locker_medic_kit">
        <nominal>0</nominal>
        <lifetime>14400</lifetime>
        <restock>7200</restock>
        <min>0</min>
        <quantmin>-1</quantmin>
        <quantmax>-1</quantmax>
        <cost>100</cost>
        <flags count_in_cargo="0" count_in_hoarder="0" count_in_map="1" count_in_player="0" crafted="0" deloot="0"/>
        <category name="tools"/>
        <tag name="floor"/>
        <usage name="Industrial"/>
        <usage name="Farm"/>
    </type>
    <type name="mmg_solo_locker_medic">
        <lifetime>3628800</lifetime>
        <flags count_in_cargo="0" count_in_hoarder="0" count_in_map="1" count_in_player="0" crafted="1" deloot="0"/>
    </type>
</types>
