<?xml version="1.0" encoding="UTF-8" standalone="yes"?>
<types>
	<type name="RFFSHeli_wiring_harness">
        <nominal>1</nominal>
        <lifetime>28800</lifetime>
        <restock>0</restock>
        <min>1</min>
        <quantmin>-1</quantmin>
        <quantmax>-1</quantmax>
        <cost>100</cost>
        <flags count_in_cargo="0" count_in_hoarder="0" count_in_map="1" count_in_player="0" crafted="0" deloot="0" />
        <category name="tools" />
        <usage name="Military" />
        <tag name="floor" />
    </type>
    <type name="RFFSHeli_igniter_plug">
        <nominal>1</nominal>
        <lifetime>28800</lifetime>
        <restock>0</restock>
        <min>1</min>
        <quantmin>-1</quantmin>
        <quantmax>-1</quantmax>
        <cost>100</cost>
        <flags count_in_cargo="0" count_in_hoarder="0" count_in_map="1" count_in_player="0" crafted="0" deloot="0" />
        <category name="tools" />
        <usage name="Military" />
        <tag name="floor" />
    </type>
    <type name="RFFSHeli_aviation_battery">
        <nominal>1</nominal>
        <lifetime>28800</lifetime>
        <restock>0</restock>
        <min>1</min>
        <quantmin>-1</quantmin>
        <quantmax>-1</quantmax>
        <cost>100</cost>
        <flags count_in_cargo="0" count_in_hoarder="0" count_in_map="1" count_in_player="0" crafted="0" deloot="0" />
        <category name="tools" />
        <usage name="Military" />
        <tag name="floor" />
    </type>
    <type name="EXT_MH6">
		<nominal>0</nominal>
		<lifetime>86400</lifetime>
		<restock>1800</restock>
		<min>0</min>
		<quantmin>-1</quantmin>
		<quantmax>-1</quantmax>
		<cost>100</cost>
		<flags count_in_cargo="0" count_in_hoarder="0" count_in_map="1" count_in_player="0" crafted="0" deloot="0"/>
	</type>
	<type name="EXT_MH6Wreck">
		<nominal>0</nominal>
		<lifetime>86400</lifetime>
		<restock>1800</restock>
		<min>0</min>
		<quantmin>-1</quantmin>
		<quantmax>-1</quantmax>
		<cost>100</cost>
		<flags count_in_cargo="0" count_in_hoarder="0" count_in_map="1" count_in_player="0" crafted="0" deloot="0"/>	
	</type>
	<type name="EXT_MH6_WIP">
		<nominal>0</nominal>
		<lifetime>86400</lifetime>
		<restock>1800</restock>
		<min>0</min>
		<quantmin>-1</quantmin>
		<quantmax>-1</quantmax>
		<cost>100</cost>
		<flags count_in_cargo="0" count_in_hoarder="0" count_in_map="1" count_in_player="0" crafted="0" deloot="0"/>
	</type>
	<type name="EXT_SprayCan_MH6_WIP">
		<nominal>0</nominal>
		<lifetime>86400</lifetime>
		<restock>1800</restock>
		<min>0</min>
		<quantmin>-1</quantmin>
		<quantmax>-1</quantmax>
		<cost>100</cost>
		<flags count_in_cargo="0" count_in_hoarder="0" count_in_map="1" count_in_player="0" crafted="0" deloot="0"/>
	</type>
	<type name="EXT_MH6_Digital">
		<nominal>0</nominal>
		<lifetime>86400</lifetime>
		<restock>1800</restock>
		<min>0</min>
		<quantmin>-1</quantmin>
		<quantmax>-1</quantmax>
		<cost>100</cost>
		<flags count_in_cargo="0" count_in_hoarder="0" count_in_map="1" count_in_player="0" crafted="0" deloot="0"/>
	</type>
	<type name="EXT_SprayCan_MH6_Digital">
		<nominal>0</nominal>
		<lifetime>86400</lifetime>
		<restock>1800</restock>
		<min>0</min>
		<quantmin>-1</quantmin>
		<quantmax>-1</quantmax>
		<cost>100</cost>
		<flags count_in_cargo="0" count_in_hoarder="0" count_in_map="1" count_in_player="0" crafted="0" deloot="0"/>
	</type>
	<type name="EXT_MH6_Blueline">
		<nominal>0</nominal>
		<lifetime>86400</lifetime>
		<restock>1800</restock>
		<min>0</min>
		<quantmin>-1</quantmin>
		<quantmax>-1</quantmax>
		<cost>100</cost>
		<flags count_in_cargo="0" count_in_hoarder="0" count_in_map="1" count_in_player="0" crafted="0" deloot="0"/>
	</type>
	<type name="EXT_SprayCan_MH6_Blueline">
		<nominal>0</nominal>
		<lifetime>86400</lifetime>
		<restock>1800</restock>
		<min>0</min>
		<quantmin>-1</quantmin>
		<quantmax>-1</quantmax>
		<cost>100</cost>
		<flags count_in_cargo="0" count_in_hoarder="0" count_in_map="1" count_in_player="0" crafted="0" deloot="0"/>
	</type>
	<type name="EXT_MH6_Elliptical">
		<nominal>0</nominal>
		<lifetime>86400</lifetime>
		<restock>1800</restock>
		<min>0</min>
		<quantmin>-1</quantmin>
		<quantmax>-1</quantmax>
		<cost>100</cost>
		<flags count_in_cargo="0" count_in_hoarder="0" count_in_map="1" count_in_player="0" crafted="0" deloot="0"/>
	</type>
	<type name="EXT_SprayCan_MH6_Elliptical">
		<nominal>0</nominal>
		<lifetime>86400</lifetime>
		<restock>1800</restock>
		<min>0</min>
		<quantmin>-1</quantmin>
		<quantmax>-1</quantmax>
		<cost>100</cost>
		<flags count_in_cargo="0" count_in_hoarder="0" count_in_map="1" count_in_player="0" crafted="0" deloot="0"/>
	</type>
	<type name="EXT_MH6_Furious">
		<nominal>0</nominal>
		<lifetime>86400</lifetime>
		<restock>1800</restock>
		<min>0</min>
		<quantmin>-1</quantmin>
		<quantmax>-1</quantmax>
		<cost>100</cost>
		<flags count_in_cargo="0" count_in_hoarder="0" count_in_map="1" count_in_player="0" crafted="0" deloot="0"/>
	</type>
	<type name="EXT_SprayCan_MH6_Furious">
		<nominal>0</nominal>
		<lifetime>86400</lifetime>
		<restock>1800</restock>
		<min>0</min>
		<quantmin>-1</quantmin>
		<quantmax>-1</quantmax>
		<cost>100</cost>
		<flags count_in_cargo="0" count_in_hoarder="0" count_in_map="1" count_in_player="0" crafted="0" deloot="0"/>
	</type>
	<type name="EXT_MH6_GrayWatcher">
		<nominal>0</nominal>
		<lifetime>86400</lifetime>
		<restock>1800</restock>
		<min>0</min>
		<quantmin>-1</quantmin>
		<quantmax>-1</quantmax>
		<cost>100</cost>
		<flags count_in_cargo="0" count_in_hoarder="0" count_in_map="1" count_in_player="0" crafted="0" deloot="0"/>
	</type>
	<type name="EXT_SprayCan_MH6_GrayWatcher">
		<nominal>0</nominal>
		<lifetime>86400</lifetime>
		<restock>1800</restock>
		<min>0</min>
		<quantmin>-1</quantmin>
		<quantmax>-1</quantmax>
		<cost>100</cost>
		<flags count_in_cargo="0" count_in_hoarder="0" count_in_map="1" count_in_player="0" crafted="0" deloot="0"/>
	</type>
	<type name="EXT_MH6_Green">
		<nominal>0</nominal>
		<lifetime>86400</lifetime>
		<restock>1800</restock>
		<min>0</min>
		<quantmin>-1</quantmin>
		<quantmax>-1</quantmax>
		<cost>100</cost>
		<flags count_in_cargo="0" count_in_hoarder="0" count_in_map="1" count_in_player="0" crafted="0" deloot="0"/>
	</type>
	<type name="EXT_SprayCan_MH6_Green">
		<nominal>0</nominal>
		<lifetime>86400</lifetime>
		<restock>1800</restock>
		<min>0</min>
		<quantmin>-1</quantmin>
		<quantmax>-1</quantmax>
		<cost>100</cost>
		<flags count_in_cargo="0" count_in_hoarder="0" count_in_map="1" count_in_player="0" crafted="0" deloot="0"/>
	</type>
	<type name="EXT_MH6_Jeans">
		<nominal>0</nominal>
		<lifetime>86400</lifetime>
		<restock>1800</restock>
		<min>0</min>
		<quantmin>-1</quantmin>
		<quantmax>-1</quantmax>
		<cost>100</cost>
		<flags count_in_cargo="0" count_in_hoarder="0" count_in_map="1" count_in_player="0" crafted="0" deloot="0"/>
	</type>
	<type name="EXT_SprayCan_MH6_Jeans">
		<nominal>0</nominal>
		<lifetime>86400</lifetime>
		<restock>1800</restock>
		<min>0</min>
		<quantmin>-1</quantmin>
		<quantmax>-1</quantmax>
		<cost>100</cost>
		<flags count_in_cargo="0" count_in_hoarder="0" count_in_map="1" count_in_player="0" crafted="0" deloot="0"/>
	</type>
	<type name="EXT_MH6_Resistance">
		<nominal>0</nominal>
		<lifetime>86400</lifetime>
		<restock>1800</restock>
		<min>0</min>
		<quantmin>-1</quantmin>
		<quantmax>-1</quantmax>
		<cost>100</cost>
		<flags count_in_cargo="0" count_in_hoarder="0" count_in_map="1" count_in_player="0" crafted="0" deloot="0"/>
	</type>
	<type name="EXT_SprayCan_MH6_Resistance">
		<nominal>0</nominal>
		<lifetime>86400</lifetime>
		<restock>1800</restock>
		<min>0</min>
		<quantmin>-1</quantmin>
		<quantmax>-1</quantmax>
		<cost>100</cost>
		<flags count_in_cargo="0" count_in_hoarder="0" count_in_map="1" count_in_player="0" crafted="0" deloot="0"/>
	</type>
	<type name="EXT_MH6_Shadow">
		<nominal>0</nominal>
		<lifetime>86400</lifetime>
		<restock>1800</restock>
		<min>0</min>
		<quantmin>-1</quantmin>
		<quantmax>-1</quantmax>
		<cost>100</cost>
		<flags count_in_cargo="0" count_in_hoarder="0" count_in_map="1" count_in_player="0" crafted="0" deloot="0"/>
	</type>
	<type name="EXT_SprayCan_MH6_Shadow">
		<nominal>0</nominal>
		<lifetime>86400</lifetime>
		<restock>1800</restock>
		<min>0</min>
		<quantmin>-1</quantmin>
		<quantmax>-1</quantmax>
		<cost>100</cost>
		<flags count_in_cargo="0" count_in_hoarder="0" count_in_map="1" count_in_player="0" crafted="0" deloot="0"/>
	</type>
	<type name="EXT_MH6_Sheriff">
		<nominal>0</nominal>
		<lifetime>86400</lifetime>
		<restock>1800</restock>
		<min>0</min>
		<quantmin>-1</quantmin>
		<quantmax>-1</quantmax>
		<cost>100</cost>
		<flags count_in_cargo="0" count_in_hoarder="0" count_in_map="1" count_in_player="0" crafted="0" deloot="0"/>
	</type>
	<type name="EXT_SprayCan_MH6_Sheriff">
		<nominal>0</nominal>
		<lifetime>86400</lifetime>
		<restock>1800</restock>
		<min>0</min>
		<quantmin>-1</quantmin>
		<quantmax>-1</quantmax>
		<cost>100</cost>
		<flags count_in_cargo="0" count_in_hoarder="0" count_in_map="1" count_in_player="0" crafted="0" deloot="0"/>
	</type>
	<type name="EXT_MH6_Speedy">
		<nominal>0</nominal>
		<lifetime>86400</lifetime>
		<restock>1800</restock>
		<min>0</min>
		<quantmin>-1</quantmin>
		<quantmax>-1</quantmax>
		<cost>100</cost>
		<flags count_in_cargo="0" count_in_hoarder="0" count_in_map="1" count_in_player="0" crafted="0" deloot="0"/>
	</type>
	<type name="EXT_SprayCan_MH6_Speedy">
		<nominal>0</nominal>
		<lifetime>86400</lifetime>
		<restock>1800</restock>
		<min>0</min>
		<quantmin>-1</quantmin>
		<quantmax>-1</quantmax>
		<cost>100</cost>
		<flags count_in_cargo="0" count_in_hoarder="0" count_in_map="1" count_in_player="0" crafted="0" deloot="0"/>
	</type>
	<type name="EXT_MH6_Sunset">
		<nominal>0</nominal>
		<lifetime>86400</lifetime>
		<restock>1800</restock>
		<min>0</min>
		<quantmin>-1</quantmin>
		<quantmax>-1</quantmax>
		<cost>100</cost>
		<flags count_in_cargo="0" count_in_hoarder="0" count_in_map="1" count_in_player="0" crafted="0" deloot="0"/>
	</type>
	<type name="EXT_SprayCan_MH6_Sunset">
		<nominal>0</nominal>
		<lifetime>86400</lifetime>
		<restock>1800</restock>
		<min>0</min>
		<quantmin>-1</quantmin>
		<quantmax>-1</quantmax>
		<cost>100</cost>
		<flags count_in_cargo="0" count_in_hoarder="0" count_in_map="1" count_in_player="0" crafted="0" deloot="0"/>
	</type>
	<type name="EXT_MH6_Vrana">
		<nominal>0</nominal>
		<lifetime>86400</lifetime>
		<restock>1800</restock>
		<min>0</min>
		<quantmin>-1</quantmin>
		<quantmax>-1</quantmax>
		<cost>100</cost>
		<flags count_in_cargo="0" count_in_hoarder="0" count_in_map="1" count_in_player="0" crafted="0" deloot="0"/>
	</type>
	<type name="EXT_SprayCan_MH6_Vrana">
		<nominal>0</nominal>
		<lifetime>86400</lifetime>
		<restock>1800</restock>
		<min>0</min>
		<quantmin>-1</quantmin>
		<quantmax>-1</quantmax>
		<cost>100</cost>
		<flags count_in_cargo="0" count_in_hoarder="0" count_in_map="1" count_in_player="0" crafted="0" deloot="0"/>
	</type>
	<type name="EXT_MH6_Wasp">
		<nominal>0</nominal>
		<lifetime>86400</lifetime>
		<restock>1800</restock>
		<min>0</min>
		<quantmin>-1</quantmin>
		<quantmax>-1</quantmax>
		<cost>100</cost>
		<flags count_in_cargo="0" count_in_hoarder="0" count_in_map="1" count_in_player="0" crafted="0" deloot="0"/>
	</type>
	<type name="EXT_SprayCan_MH6_Wasp">
		<nominal>0</nominal>
		<lifetime>86400</lifetime>
		<restock>1800</restock>
		<min>0</min>
		<quantmin>-1</quantmin>
		<quantmax>-1</quantmax>
		<cost>100</cost>
		<flags count_in_cargo="0" count_in_hoarder="0" count_in_map="1" count_in_player="0" crafted="0" deloot="0"/>
	</type>
	<type name="EXT_MH6_Wave">
		<nominal>0</nominal>
		<lifetime>86400</lifetime>
		<restock>1800</restock>
		<min>0</min>
		<quantmin>-1</quantmin>
		<quantmax>-1</quantmax>
		<cost>100</cost>
		<flags count_in_cargo="0" count_in_hoarder="0" count_in_map="1" count_in_player="0" crafted="0" deloot="0"/>
	</type>
	<type name="EXT_SprayCan_MH6_Wave">
		<nominal>0</nominal>
		<lifetime>86400</lifetime>
		<restock>1800</restock>
		<min>0</min>
		<quantmin>-1</quantmin>
		<quantmax>-1</quantmax>
		<cost>100</cost>
		<flags count_in_cargo="0" count_in_hoarder="0" count_in_map="1" count_in_player="0" crafted="0" deloot="0"/>
	</type>
	<type name="EXT_MH6_Mango">
		<nominal>0</nominal>
		<lifetime>86400</lifetime>
		<restock>1800</restock>
		<min>0</min>
		<quantmin>-1</quantmin>
		<quantmax>-1</quantmax>
		<cost>100</cost>
		<flags count_in_cargo="0" count_in_hoarder="0" count_in_map="1" count_in_player="0" crafted="0" deloot="0"/>
	</type>
	<type name="EXT_SprayCan_MH6_Mango">
		<nominal>0</nominal>
		<lifetime>86400</lifetime>
		<restock>1800</restock>
		<min>0</min>
		<quantmin>-1</quantmin>
		<quantmax>-1</quantmax>
		<cost>100</cost>
		<flags count_in_cargo="0" count_in_hoarder="0" count_in_map="1" count_in_player="0" crafted="0" deloot="0"/>
	</type>
	
    <!-- Initial Release -->	
	
	<type name="EXT_Tac_Radio">
		<nominal>0</nominal>
		<lifetime>86400</lifetime>
		<restock>1800</restock>
		<min>0</min>
		<quantmin>-1</quantmin>
		<quantmax>-1</quantmax>
		<cost>100</cost>
		<flags count_in_cargo="0" count_in_hoarder="0" count_in_map="1" count_in_player="0" crafted="0" deloot="0"/>
	</type>
	<type name="EXT_Spraycan_Uh1h_Takistan">
		<nominal>0</nominal>
		<lifetime>86400</lifetime>
		<restock>1800</restock>
		<min>0</min>
		<quantmin>-1</quantmin>
		<quantmax>-1</quantmax>
		<cost>100</cost>
		<flags count_in_cargo="0" count_in_hoarder="0" count_in_map="1" count_in_player="0" crafted="0" deloot="0"/>
	</type>
	<type name="EXT_SprayCan_MI24_Chernarus">
		<nominal>0</nominal>
		<lifetime>86400</lifetime>
		<restock>1800</restock>
		<min>0</min>
		<quantmin>-1</quantmin>
		<quantmax>-1</quantmax>
		<cost>100</cost>
		<flags count_in_cargo="0" count_in_hoarder="0" count_in_map="1" count_in_player="0" crafted="0" deloot="0"/>		
	</type>
	<type name="EXT_SprayCan_MI24_ION">
		<nominal>0</nominal>
		<lifetime>86400</lifetime>
		<restock>1800</restock>
		<min>0</min>
		<quantmin>-1</quantmin>
		<quantmax>-1</quantmax>
		<cost>100</cost>
		<flags count_in_cargo="0" count_in_hoarder="0" count_in_map="1" count_in_player="0" crafted="0" deloot="0"/>		
	</type>
	<type name="EXT_SprayCan_MI24_Takistan">
		<nominal>0</nominal>
		<lifetime>86400</lifetime>
		<restock>1800</restock>
		<min>0</min>
		<quantmin>-1</quantmin>
		<quantmax>-1</quantmax>
		<cost>100</cost>
		<flags count_in_cargo="0" count_in_hoarder="0" count_in_map="1" count_in_player="0" crafted="0" deloot="0"/>		
	</type>
	<type name="EXT_SprayCan_MI24_UN">
		<nominal>0</nominal>
		<lifetime>86400</lifetime>
		<restock>1800</restock>
		<min>0</min>
		<quantmin>-1</quantmin>
		<quantmax>-1</quantmax>
		<cost>100</cost>
		<flags count_in_cargo="0" count_in_hoarder="0" count_in_map="1" count_in_player="0" crafted="0" deloot="0"/>		
	</type>
	<type name="EXT_SprayCan_MI24_ACR">
		<nominal>0</nominal>
		<lifetime>86400</lifetime>
		<restock>1800</restock>
		<min>0</min>
		<quantmin>-1</quantmin>
		<quantmax>-1</quantmax>
		<cost>100</cost>
		<flags count_in_cargo="0" count_in_hoarder="0" count_in_map="1" count_in_player="0" crafted="0" deloot="0"/>		
	</type>
	<type name="EXT_SprayCan_AH64D_USMC">
		<nominal>0</nominal>
		<lifetime>86400</lifetime>
		<restock>1800</restock>
		<min>0</min>
		<quantmin>-1</quantmin>
		<quantmax>-1</quantmax>
		<cost>100</cost>
		<flags count_in_cargo="0" count_in_hoarder="0" count_in_map="1" count_in_player="0" crafted="0" deloot="0"/>		
	</type>
	<type name="EXT_SprayCan_AH64D_BAF">
		<nominal>0</nominal>
		<lifetime>86400</lifetime>
		<restock>1800</restock>
		<min>0</min>
		<quantmin>-1</quantmin>
		<quantmax>-1</quantmax>
		<cost>100</cost>
		<flags count_in_cargo="0" count_in_hoarder="0" count_in_map="1" count_in_player="0" crafted="0" deloot="0"/>		
	</type>
	<type name="EXT_SprayCan_CH_47F_USMC">
		<nominal>0</nominal>
		<lifetime>86400</lifetime>
		<restock>1800</restock>
		<min>0</min>
		<quantmin>-1</quantmin>
		<quantmax>-1</quantmax>
		<cost>100</cost>
		<flags count_in_cargo="0" count_in_hoarder="0" count_in_map="1" count_in_player="0" crafted="0" deloot="0"/>		
	</type>
	<type name="EXT_Spraycan_UH60M_MEV">
		<nominal>0</nominal>
		<lifetime>86400</lifetime>
		<restock>1800</restock>
		<min>0</min>
		<quantmin>-1</quantmin>
		<quantmax>-1</quantmax>
		<cost>100</cost>
		<flags count_in_cargo="0" count_in_hoarder="0" count_in_map="1" count_in_player="0" crafted="0" deloot="0"/>		
	</type>
	<type name="EXT_Spraycan_UH60M_Green">
		<nominal>0</nominal>
		<lifetime>86400</lifetime>
		<restock>1800</restock>
		<min>0</min>
		<quantmin>-1</quantmin>
		<quantmax>-1</quantmax>
		<cost>100</cost>
		<flags count_in_cargo="0" count_in_hoarder="0" count_in_map="1" count_in_player="0" crafted="0" deloot="0"/>		
	</type>
	<type name="EXT_SprayCan_CH_47F_BAF">
		<nominal>0</nominal>
		<lifetime>86400</lifetime>
		<restock>1800</restock>
		<min>0</min>
		<quantmin>-1</quantmin>
		<quantmax>-1</quantmax>
		<cost>100</cost>
		<flags count_in_cargo="0" count_in_hoarder="0" count_in_map="1" count_in_player="0" crafted="0" deloot="0"/>		
	</type>
	<type name="EXT_SprayCan_Mi8_ACR">
		<nominal>0</nominal>
		<lifetime>86400</lifetime>
		<restock>1800</restock>
		<min>0</min>
		<quantmin>-1</quantmin>
		<quantmax>-1</quantmax>
		<cost>100</cost>
		<flags count_in_cargo="0" count_in_hoarder="0" count_in_map="1" count_in_player="0" crafted="0" deloot="0"/>		
	</type>
	<type name="EXT_SprayCan_Mi8_Chedaki">
		<nominal>0</nominal>
		<lifetime>86400</lifetime>
		<restock>1800</restock>
		<min>0</min>
		<quantmin>-1</quantmin>
		<quantmax>-1</quantmax>
		<cost>100</cost>
		<flags count_in_cargo="0" count_in_hoarder="0" count_in_map="1" count_in_player="0" crafted="0" deloot="0"/>		
	</type>
	<type name="EXT_SprayCan_Mi8_Chernarus">
		<nominal>0</nominal>
		<lifetime>86400</lifetime>
		<restock>1800</restock>
		<min>0</min>
		<quantmin>-1</quantmin>
		<quantmax>-1</quantmax>
		<cost>100</cost>
		<flags count_in_cargo="0" count_in_hoarder="0" count_in_map="1" count_in_player="0" crafted="0" deloot="0"/>		
	</type>
	<type name="EXT_SprayCan_Mi8_Civilian">
		<nominal>0</nominal>
		<lifetime>86400</lifetime>
		<restock>1800</restock>
		<min>0</min>
		<quantmin>-1</quantmin>
		<quantmax>-1</quantmax>
		<cost>100</cost>
		<flags count_in_cargo="0" count_in_hoarder="0" count_in_map="1" count_in_player="0" crafted="0" deloot="0"/>		
	</type>
	<type name="EXT_SprayCan_Mi8_RAF">
		<nominal>0</nominal>
		<lifetime>86400</lifetime>
		<restock>1800</restock>
		<min>0</min>
		<quantmin>-1</quantmin>
		<quantmax>-1</quantmax>
		<cost>100</cost>
		<flags count_in_cargo="0" count_in_hoarder="0" count_in_map="1" count_in_player="0" crafted="0" deloot="0"/>		
	</type>
	<type name="EXT_SprayCan_Mi8_Takistan">
		<nominal>0</nominal>
		<lifetime>86400</lifetime>
		<restock>1800</restock>
		<min>0</min>
		<quantmin>-1</quantmin>
		<quantmax>-1</quantmax>
		<cost>100</cost>
		<flags count_in_cargo="0" count_in_hoarder="0" count_in_map="1" count_in_player="0" crafted="0" deloot="0"/>		
	</type>
	<type name="EXT_SprayCan_Mi8_UnitedNations">
		<nominal>0</nominal>
		<lifetime>86400</lifetime>
		<restock>1800</restock>
		<min>0</min>
		<quantmin>-1</quantmin>
		<quantmax>-1</quantmax>
		<cost>100</cost>
		<flags count_in_cargo="0" count_in_hoarder="0" count_in_map="1" count_in_player="0" crafted="0" deloot="0"/>		
	</type>
	<type name="EXT_Spraycan_Mi8_Attack_Takistan">
		<nominal>0</nominal>
		<lifetime>86400</lifetime>
		<restock>1800</restock>
		<min>0</min>
		<quantmin>-1</quantmin>
		<quantmax>-1</quantmax>
		<cost>100</cost>
		<flags count_in_cargo="0" count_in_hoarder="0" count_in_map="1" count_in_player="0" crafted="0" deloot="0"/>		
	</type>
	<type name="EXT_SprayCan_Mi8_Attack_UnitedNations">
		<nominal>0</nominal>
		<lifetime>86400</lifetime>
		<restock>1800</restock>
		<min>0</min>
		<quantmin>-1</quantmin>
		<quantmax>-1</quantmax>
		<cost>100</cost>
		<flags count_in_cargo="0" count_in_hoarder="0" count_in_map="1" count_in_player="0" crafted="0" deloot="0"/>		
	</type>
	<type name="EXT_SprayCan_Mi8_Attack_Chedaki">
		<nominal>0</nominal>
		<lifetime>86400</lifetime>
		<restock>1800</restock>
		<min>0</min>
		<quantmin>-1</quantmin>
		<quantmax>-1</quantmax>
		<cost>100</cost>
		<flags count_in_cargo="0" count_in_hoarder="0" count_in_map="1" count_in_player="0" crafted="0" deloot="0"/>		
	</type>
	<type name="EXT_SprayCan_Mi8_Attack_Civilian">
		<nominal>0</nominal>
		<lifetime>86400</lifetime>
		<restock>1800</restock>
		<min>0</min>
		<quantmin>-1</quantmin>
		<quantmax>-1</quantmax>
		<cost>100</cost>
		<flags count_in_cargo="0" count_in_hoarder="0" count_in_map="1" count_in_player="0" crafted="0" deloot="0"/>		
	</type>
	<type name="EXT_SprayCan_Mi8_Attack_ACR">
		<nominal>0</nominal>
		<lifetime>86400</lifetime>
		<restock>1800</restock>
		<min>0</min>
		<quantmin>-1</quantmin>
		<quantmax>-1</quantmax>
		<cost>100</cost>
		<flags count_in_cargo="0" count_in_hoarder="0" count_in_map="1" count_in_player="0" crafted="0" deloot="0"/>		
	</type>
	<type name="EXT_SprayCan_Mi8_Attack_RAF">
		<nominal>0</nominal>
		<lifetime>86400</lifetime>
		<restock>1800</restock>
		<min>0</min>
		<quantmin>-1</quantmin>
		<quantmax>-1</quantmax>
		<cost>100</cost>
		<flags count_in_cargo="0" count_in_hoarder="0" count_in_map="1" count_in_player="0" crafted="0" deloot="0"/>		
	</type>
	<type name="EXT_SprayCan_Mi8_Attack_Chernarus">
		<nominal>0</nominal>
		<lifetime>86400</lifetime>
		<restock>1800</restock>
		<min>0</min>
		<quantmin>-1</quantmin>
		<quantmax>-1</quantmax>
		<cost>100</cost>
		<flags count_in_cargo="0" count_in_hoarder="0" count_in_map="1" count_in_player="0" crafted="0" deloot="0"/>		
	</type>
	<type name="EXT_SprayCan_KA52_Black">
		<nominal>0</nominal>
		<lifetime>86400</lifetime>
		<restock>1800</restock>
		<min>0</min>
		<quantmin>-1</quantmin>
		<quantmax>-1</quantmax>
		<cost>100</cost>
		<flags count_in_cargo="0" count_in_hoarder="0" count_in_map="1" count_in_player="0" crafted="0" deloot="0"/>		
	</type>
	<type name="EXT_SprayCan_KA52_Woodland">
		<nominal>0</nominal>
		<lifetime>86400</lifetime>
		<restock>1800</restock>
		<min>0</min>
		<quantmin>-1</quantmin>
		<quantmax>-1</quantmax>
		<cost>100</cost>
		<flags count_in_cargo="0" count_in_hoarder="0" count_in_map="1" count_in_player="0" crafted="0" deloot="0"/>		
	</type>
	<type name="EXT_SprayCan_UH1Y_USMC">
		<nominal>0</nominal>
		<lifetime>86400</lifetime>
		<restock>1800</restock>
		<min>0</min>
		<quantmin>-1</quantmin>
		<quantmax>-1</quantmax>
		<cost>100</cost>
		<flags count_in_cargo="0" count_in_hoarder="0" count_in_map="1" count_in_player="0" crafted="0" deloot="0"/>
	</type>
	<type name="EXT_SprayCan_UH1Y_SAR">
		<nominal>0</nominal>
		<lifetime>86400</lifetime>
		<restock>1800</restock>
		<min>0</min>
		<quantmin>-1</quantmin>
		<quantmax>-1</quantmax>
		<cost>100</cost>
		<flags count_in_cargo="0" count_in_hoarder="0" count_in_map="1" count_in_player="0" crafted="0" deloot="0"/>
	</type>
	<type name="EXT_SprayCan_UH1Y_ACR">
		<nominal>0</nominal>
		<lifetime>86400</lifetime>
		<restock>1800</restock>
		<min>0</min>
		<quantmin>-1</quantmin>
		<quantmax>-1</quantmax>
		<cost>100</cost>
		<flags count_in_cargo="0" count_in_hoarder="0" count_in_map="1" count_in_player="0" crafted="0" deloot="0"/>
	</type>
	<type name="EXT_SprayCan_AW159_BAF">
		<nominal>0</nominal>
		<lifetime>86400</lifetime>
		<restock>1800</restock>
		<min>0</min>
		<quantmin>-1</quantmin>
		<quantmax>-1</quantmax>
		<cost>100</cost>
		<flags count_in_cargo="0" count_in_hoarder="0" count_in_map="1" count_in_player="0" crafted="0" deloot="0"/>
	</type>
	<type name="EXT_SprayCan_AW159_UN">
		<nominal>0</nominal>
		<lifetime>86400</lifetime>
		<restock>1800</restock>
		<min>0</min>
		<quantmin>-1</quantmin>
		<quantmax>-1</quantmax>
		<cost>100</cost>
		<flags count_in_cargo="0" count_in_hoarder="0" count_in_map="1" count_in_player="0" crafted="0" deloot="0"/>
	</type>
	<type name="EXT_SprayCan_AW159_Marine">
		<nominal>0</nominal>
		<lifetime>86400</lifetime>
		<restock>1800</restock>
		<min>0</min>
		<quantmin>-1</quantmin>
		<quantmax>-1</quantmax>
		<cost>100</cost>
		<flags count_in_cargo="0" count_in_hoarder="0" count_in_map="1" count_in_player="0" crafted="0" deloot="0"/>
	</type>
	<type name="EXT_Uh1h_Takistan">
		<nominal>0</nominal>
		<lifetime>86400</lifetime>
		<restock>1800</restock>
		<min>0</min>
		<quantmin>-1</quantmin>
		<quantmax>-1</quantmax>
		<cost>100</cost>
		<flags count_in_cargo="0" count_in_hoarder="0" count_in_map="1" count_in_player="0" crafted="0" deloot="0"/>
	</type>
	<type name="EXT_Uh1hDoor_1_1_Takistan">
		<nominal>0</nominal>
		<lifetime>86400</lifetime>
		<restock>1800</restock>
		<min>0</min>
		<quantmin>-1</quantmin>
		<quantmax>-1</quantmax>
		<cost>100</cost>
		<flags count_in_cargo="0" count_in_hoarder="0" count_in_map="1" count_in_player="0" crafted="0" deloot="0"/>
	</type>
	<type name="EXT_Uh1hDoor_1_2_Takistan">
		<nominal>0</nominal>
		<lifetime>86400</lifetime>
		<restock>1800</restock>
		<min>0</min>
		<quantmin>-1</quantmin>
		<quantmax>-1</quantmax>
		<cost>100</cost>
		<flags count_in_cargo="0" count_in_hoarder="0" count_in_map="1" count_in_player="0" crafted="0" deloot="0"/>
	</type>
	<type name="EXT_MI24_Chernarus">
		<nominal>0</nominal>
		<lifetime>86400</lifetime>
		<restock>1800</restock>
		<min>0</min>
		<quantmin>-1</quantmin>
		<quantmax>-1</quantmax>
		<cost>100</cost>
		<flags count_in_cargo="0" count_in_hoarder="0" count_in_map="1" count_in_player="0" crafted="0" deloot="0"/>
	</type>
	<type name="EXT_MI24_door_1_1_Chernarus">
		<nominal>0</nominal>
		<lifetime>86400</lifetime>
		<restock>1800</restock>
		<min>0</min>
		<quantmin>-1</quantmin>
		<quantmax>-1</quantmax>
		<cost>100</cost>
		<flags count_in_cargo="0" count_in_hoarder="0" count_in_map="1" count_in_player="0" crafted="0" deloot="0"/>
	</type>
	<type name="EXT_MI24_door_2_2_Chernarus">
		<nominal>0</nominal>
		<lifetime>86400</lifetime>
		<restock>1800</restock>
		<min>0</min>
		<quantmin>-1</quantmin>
		<quantmax>-1</quantmax>
		<cost>100</cost>
		<flags count_in_cargo="0" count_in_hoarder="0" count_in_map="1" count_in_player="0" crafted="0" deloot="0"/>
	</type>
	<type name="EXT_MI24_door_2_1_Chernarus">
		<nominal>0</nominal>
		<lifetime>86400</lifetime>
		<restock>1800</restock>
		<min>0</min>
		<quantmin>-1</quantmin>
		<quantmax>-1</quantmax>
		<cost>100</cost>
		<flags count_in_cargo="0" count_in_hoarder="0" count_in_map="1" count_in_player="0" crafted="0" deloot="0"/>
	</type>
	<type name="EXT_MI24_door_cargo_1_Chernarus">
		<nominal>0</nominal>
		<lifetime>86400</lifetime>
		<restock>1800</restock>
		<min>0</min>
		<quantmin>-1</quantmin>
		<quantmax>-1</quantmax>
		<cost>100</cost>
		<flags count_in_cargo="0" count_in_hoarder="0" count_in_map="1" count_in_player="0" crafted="0" deloot="0"/>
	</type>
	<type name="EXT_MI24_door_cargo_2_Chernarus">
		<nominal>0</nominal>
		<lifetime>86400</lifetime>
		<restock>1800</restock>
		<min>0</min>
		<quantmin>-1</quantmin>
		<quantmax>-1</quantmax>
		<cost>100</cost>
		<flags count_in_cargo="0" count_in_hoarder="0" count_in_map="1" count_in_player="0" crafted="0" deloot="0"/>
	</type>
	<type name="EXT_MI24_ION">
		<nominal>0</nominal>
		<lifetime>86400</lifetime>
		<restock>1800</restock>
		<min>0</min>
		<quantmin>-1</quantmin>
		<quantmax>-1</quantmax>
		<cost>100</cost>
		<flags count_in_cargo="0" count_in_hoarder="0" count_in_map="1" count_in_player="0" crafted="0" deloot="0"/>
	</type>
	<type name="EXT_MI24_door_1_1_ION">
		<nominal>0</nominal>
		<lifetime>86400</lifetime>
		<restock>1800</restock>
		<min>0</min>
		<quantmin>-1</quantmin>
		<quantmax>-1</quantmax>
		<cost>100</cost>
		<flags count_in_cargo="0" count_in_hoarder="0" count_in_map="1" count_in_player="0" crafted="0" deloot="0"/>
	</type>
	<type name="EXT_MI24_door_2_2_ION">
		<nominal>0</nominal>
		<lifetime>86400</lifetime>
		<restock>1800</restock>
		<min>0</min>
		<quantmin>-1</quantmin>
		<quantmax>-1</quantmax>
		<cost>100</cost>
		<flags count_in_cargo="0" count_in_hoarder="0" count_in_map="1" count_in_player="0" crafted="0" deloot="0"/>
	</type>
	<type name="EXT_MI24_door_2_1_ION">
		<nominal>0</nominal>
		<lifetime>86400</lifetime>
		<restock>1800</restock>
		<min>0</min>
		<quantmin>-1</quantmin>
		<quantmax>-1</quantmax>
		<cost>100</cost>
		<flags count_in_cargo="0" count_in_hoarder="0" count_in_map="1" count_in_player="0" crafted="0" deloot="0"/>
	</type>
	<type name="EXT_MI24_door_cargo_1_ION">
		<nominal>0</nominal>
		<lifetime>86400</lifetime>
		<restock>1800</restock>
		<min>0</min>
		<quantmin>-1</quantmin>
		<quantmax>-1</quantmax>
		<cost>100</cost>
		<flags count_in_cargo="0" count_in_hoarder="0" count_in_map="1" count_in_player="0" crafted="0" deloot="0"/>
	</type>
	<type name="EXT_MI24_door_cargo_2_ION">
		<nominal>0</nominal>
		<lifetime>86400</lifetime>
		<restock>1800</restock>
		<min>0</min>
		<quantmin>-1</quantmin>
		<quantmax>-1</quantmax>
		<cost>100</cost>
		<flags count_in_cargo="0" count_in_hoarder="0" count_in_map="1" count_in_player="0" crafted="0" deloot="0"/>
	</type>
	<type name="EXT_MI24_Takistan">
		<nominal>0</nominal>
		<lifetime>86400</lifetime>
		<restock>1800</restock>
		<min>0</min>
		<quantmin>-1</quantmin>
		<quantmax>-1</quantmax>
		<cost>100</cost>
		<flags count_in_cargo="0" count_in_hoarder="0" count_in_map="1" count_in_player="0" crafted="0" deloot="0"/>
	</type>
	<type name="EXT_MI24_door_1_1_Takistan">
		<nominal>0</nominal>
		<lifetime>86400</lifetime>
		<restock>1800</restock>
		<min>0</min>
		<quantmin>-1</quantmin>
		<quantmax>-1</quantmax>
		<cost>100</cost>
		<flags count_in_cargo="0" count_in_hoarder="0" count_in_map="1" count_in_player="0" crafted="0" deloot="0"/>
	</type>
	<type name="EXT_MI24_door_2_2_Takistan">
		<nominal>0</nominal>
		<lifetime>86400</lifetime>
		<restock>1800</restock>
		<min>0</min>
		<quantmin>-1</quantmin>
		<quantmax>-1</quantmax>
		<cost>100</cost>
		<flags count_in_cargo="0" count_in_hoarder="0" count_in_map="1" count_in_player="0" crafted="0" deloot="0"/>
	</type>
	<type name="EXT_MI24_door_2_1_Takistan">
		<nominal>0</nominal>
		<lifetime>86400</lifetime>
		<restock>1800</restock>
		<min>0</min>
		<quantmin>-1</quantmin>
		<quantmax>-1</quantmax>
		<cost>100</cost>
		<flags count_in_cargo="0" count_in_hoarder="0" count_in_map="1" count_in_player="0" crafted="0" deloot="0"/>
	</type>
	<type name="EXT_MI24_door_cargo_1_Takistan">
		<nominal>0</nominal>
		<lifetime>86400</lifetime>
		<restock>1800</restock>
		<min>0</min>
		<quantmin>-1</quantmin>
		<quantmax>-1</quantmax>
		<cost>100</cost>
		<flags count_in_cargo="0" count_in_hoarder="0" count_in_map="1" count_in_player="0" crafted="0" deloot="0"/>
	</type>
	<type name="EXT_MI24_door_cargo_2_Takistan">
		<nominal>0</nominal>
		<lifetime>86400</lifetime>
		<restock>1800</restock>
		<min>0</min>
		<quantmin>-1</quantmin>
		<quantmax>-1</quantmax>
		<cost>100</cost>
		<flags count_in_cargo="0" count_in_hoarder="0" count_in_map="1" count_in_player="0" crafted="0" deloot="0"/>
	</type>
	<type name="EXT_MI24_UN">
		<nominal>0</nominal>
		<lifetime>86400</lifetime>
		<restock>1800</restock>
		<min>0</min>
		<quantmin>-1</quantmin>
		<quantmax>-1</quantmax>
		<cost>100</cost>
		<flags count_in_cargo="0" count_in_hoarder="0" count_in_map="1" count_in_player="0" crafted="0" deloot="0"/>
	</type>
	<type name="EXT_MI24_door_1_1_UN">
		<nominal>0</nominal>
		<lifetime>86400</lifetime>
		<restock>1800</restock>
		<min>0</min>
		<quantmin>-1</quantmin>
		<quantmax>-1</quantmax>
		<cost>100</cost>
		<flags count_in_cargo="0" count_in_hoarder="0" count_in_map="1" count_in_player="0" crafted="0" deloot="0"/>
	</type>
	<type name="EXT_MI24_door_2_2_UN">
		<nominal>0</nominal>
		<lifetime>86400</lifetime>
		<restock>1800</restock>
		<min>0</min>
		<quantmin>-1</quantmin>
		<quantmax>-1</quantmax>
		<cost>100</cost>
		<flags count_in_cargo="0" count_in_hoarder="0" count_in_map="1" count_in_player="0" crafted="0" deloot="0"/>
	</type>
	<type name="EXT_MI24_door_2_1_UN">
		<nominal>0</nominal>
		<lifetime>86400</lifetime>
		<restock>1800</restock>
		<min>0</min>
		<quantmin>-1</quantmin>
		<quantmax>-1</quantmax>
		<cost>100</cost>
		<flags count_in_cargo="0" count_in_hoarder="0" count_in_map="1" count_in_player="0" crafted="0" deloot="0"/>
	</type>
	<type name="EXT_MI24_door_cargo_1_UN">
		<nominal>0</nominal>
		<lifetime>86400</lifetime>
		<restock>1800</restock>
		<min>0</min>
		<quantmin>-1</quantmin>
		<quantmax>-1</quantmax>
		<cost>100</cost>
		<flags count_in_cargo="0" count_in_hoarder="0" count_in_map="1" count_in_player="0" crafted="0" deloot="0"/>
	</type>
	<type name="EXT_MI24_door_cargo_2_UN">
		<nominal>0</nominal>
		<lifetime>86400</lifetime>
		<restock>1800</restock>
		<min>0</min>
		<quantmin>-1</quantmin>
		<quantmax>-1</quantmax>
		<cost>100</cost>
		<flags count_in_cargo="0" count_in_hoarder="0" count_in_map="1" count_in_player="0" crafted="0" deloot="0"/>
	</type>
	<type name="EXT_MI24_ACR">
		<nominal>0</nominal>
		<lifetime>86400</lifetime>
		<restock>1800</restock>
		<min>0</min>
		<quantmin>-1</quantmin>
		<quantmax>-1</quantmax>
		<cost>100</cost>
		<flags count_in_cargo="0" count_in_hoarder="0" count_in_map="1" count_in_player="0" crafted="0" deloot="0"/>
	</type>
	<type name="EXT_MI24_door_1_1_ACR">
		<nominal>0</nominal>
		<lifetime>86400</lifetime>
		<restock>1800</restock>
		<min>0</min>
		<quantmin>-1</quantmin>
		<quantmax>-1</quantmax>
		<cost>100</cost>
		<flags count_in_cargo="0" count_in_hoarder="0" count_in_map="1" count_in_player="0" crafted="0" deloot="0"/>
	</type>
	<type name="EXT_MI24_door_2_2_ACR">
		<nominal>0</nominal>
		<lifetime>86400</lifetime>
		<restock>1800</restock>
		<min>0</min>
		<quantmin>-1</quantmin>
		<quantmax>-1</quantmax>
		<cost>100</cost>
		<flags count_in_cargo="0" count_in_hoarder="0" count_in_map="1" count_in_player="0" crafted="0" deloot="0"/>
	</type>
	<type name="EXT_MI24_door_2_1_ACR">
		<nominal>0</nominal>
		<lifetime>86400</lifetime>
		<restock>1800</restock>
		<min>0</min>
		<quantmin>-1</quantmin>
		<quantmax>-1</quantmax>
		<cost>100</cost>
		<flags count_in_cargo="0" count_in_hoarder="0" count_in_map="1" count_in_player="0" crafted="0" deloot="0"/>
	</type>
	<type name="EXT_MI24_door_cargo_1_ACR">
		<nominal>0</nominal>
		<lifetime>86400</lifetime>
		<restock>1800</restock>
		<min>0</min>
		<quantmin>-1</quantmin>
		<quantmax>-1</quantmax>
		<cost>100</cost>
		<flags count_in_cargo="0" count_in_hoarder="0" count_in_map="1" count_in_player="0" crafted="0" deloot="0"/>
	</type>
	<type name="EXT_MI24_door_cargo_2_ACR">
		<nominal>0</nominal>
		<lifetime>86400</lifetime>
		<restock>1800</restock>
		<min>0</min>
		<quantmin>-1</quantmin>
		<quantmax>-1</quantmax>
		<cost>100</cost>
		<flags count_in_cargo="0" count_in_hoarder="0" count_in_map="1" count_in_player="0" crafted="0" deloot="0"/>
	</type>
	<type name="EXT_AH64D_USMC">
		<nominal>0</nominal>
		<lifetime>86400</lifetime>
		<restock>1800</restock>
		<min>0</min>
		<quantmin>-1</quantmin>
		<quantmax>-1</quantmax>
		<cost>100</cost>
		<flags count_in_cargo="0" count_in_hoarder="0" count_in_map="1" count_in_player="0" crafted="0" deloot="0"/>
	</type>
	<type name="EXT_AH64D_BAF">
		<nominal>0</nominal>
		<lifetime>86400</lifetime>
		<restock>1800</restock>
		<min>0</min>
		<quantmin>-1</quantmin>
		<quantmax>-1</quantmax>
		<cost>100</cost>
		<flags count_in_cargo="0" count_in_hoarder="0" count_in_map="1" count_in_player="0" crafted="0" deloot="0"/>
	</type>
	<type name="EXT_UH60M_Green">
		<nominal>0</nominal>
		<lifetime>86400</lifetime>
		<restock>1800</restock>
		<min>0</min>
		<quantmin>-1</quantmin>
		<quantmax>-1</quantmax>
		<cost>100</cost>
		<flags count_in_cargo="0" count_in_hoarder="0" count_in_map="1" count_in_player="0" crafted="0" deloot="0"/>
	</type>
	<type name="EXT_UH60M_Door_1_1_Green">
		<nominal>0</nominal>
		<lifetime>86400</lifetime>
		<restock>1800</restock>
		<min>0</min>
		<quantmin>-1</quantmin>
		<quantmax>-1</quantmax>
		<cost>100</cost>
		<flags count_in_cargo="0" count_in_hoarder="0" count_in_map="1" count_in_player="0" crafted="0" deloot="0"/>
	</type>
	<type name="EXT_UH60M_Door_1_2_Green">
		<nominal>0</nominal>
		<lifetime>86400</lifetime>
		<restock>1800</restock>
		<min>0</min>
		<quantmin>-1</quantmin>
		<quantmax>-1</quantmax>
		<cost>100</cost>
		<flags count_in_cargo="0" count_in_hoarder="0" count_in_map="1" count_in_player="0" crafted="0" deloot="0"/>
	</type>
	<type name="EXT_UH60M_Door_2_1_Green">
		<nominal>0</nominal>
		<lifetime>86400</lifetime>
		<restock>1800</restock>
		<min>0</min>
		<quantmin>-1</quantmin>
		<quantmax>-1</quantmax>
		<cost>100</cost>
		<flags count_in_cargo="0" count_in_hoarder="0" count_in_map="1" count_in_player="0" crafted="0" deloot="0"/>
	</type>
	<type name="EXT_UH60M_Door_2_2_Green">
		<nominal>0</nominal>
		<lifetime>86400</lifetime>
		<restock>1800</restock>
		<min>0</min>
		<quantmin>-1</quantmin>
		<quantmax>-1</quantmax>
		<cost>100</cost>
		<flags count_in_cargo="0" count_in_hoarder="0" count_in_map="1" count_in_player="0" crafted="0" deloot="0"/>
	</type>
	<type name="EXT_UH60M_MEV">
		<nominal>0</nominal>
		<lifetime>86400</lifetime>
		<restock>1800</restock>
		<min>0</min>
		<quantmin>-1</quantmin>
		<quantmax>-1</quantmax>
		<cost>100</cost>
		<flags count_in_cargo="0" count_in_hoarder="0" count_in_map="1" count_in_player="0" crafted="0" deloot="0"/>
	</type>
	<type name="EXT_UH60M_Door_1_1_MEV">
		<nominal>0</nominal>
		<lifetime>86400</lifetime>
		<restock>1800</restock>
		<min>0</min>
		<quantmin>-1</quantmin>
		<quantmax>-1</quantmax>
		<cost>100</cost>
		<flags count_in_cargo="0" count_in_hoarder="0" count_in_map="1" count_in_player="0" crafted="0" deloot="0"/>
	</type>
	<type name="EXT_UH60M_Door_1_2_MEV">
		<nominal>0</nominal>
		<lifetime>86400</lifetime>
		<restock>1800</restock>
		<min>0</min>
		<quantmin>-1</quantmin>
		<quantmax>-1</quantmax>
		<cost>100</cost>
		<flags count_in_cargo="0" count_in_hoarder="0" count_in_map="1" count_in_player="0" crafted="0" deloot="0"/>
	</type>
	<type name="EXT_UH60M_Door_2_1_MEV">
		<nominal>0</nominal>
		<lifetime>86400</lifetime>
		<restock>1800</restock>
		<min>0</min>
		<quantmin>-1</quantmin>
		<quantmax>-1</quantmax>
		<cost>100</cost>
		<flags count_in_cargo="0" count_in_hoarder="0" count_in_map="1" count_in_player="0" crafted="0" deloot="0"/>
	</type>
	<type name="EXT_UH60M_Door_2_2_MEV">
		<nominal>0</nominal>
		<lifetime>86400</lifetime>
		<restock>1800</restock>
		<min>0</min>
		<quantmin>-1</quantmin>
		<quantmax>-1</quantmax>
		<cost>100</cost>
		<flags count_in_cargo="0" count_in_hoarder="0" count_in_map="1" count_in_player="0" crafted="0" deloot="0"/>
	</type>
	<type name="EXT_CH_47F_USMC">
		<nominal>0</nominal>
		<lifetime>86400</lifetime>
		<restock>1800</restock>
		<min>0</min>
		<quantmin>-1</quantmin>
		<quantmax>-1</quantmax>
		<cost>100</cost>
		<flags count_in_cargo="0" count_in_hoarder="0" count_in_map="1" count_in_player="0" crafted="0" deloot="0"/>
	</type>
	<type name="EXT_CH_47F_BAF">
		<nominal>0</nominal>
		<lifetime>86400</lifetime>
		<restock>1800</restock>
		<min>0</min>
		<quantmin>-1</quantmin>
		<quantmax>-1</quantmax>
		<cost>100</cost>
		<flags count_in_cargo="0" count_in_hoarder="0" count_in_map="1" count_in_player="0" crafted="0" deloot="0"/>
	</type>
	<type name="EXT_Mi8_ACR">
		<nominal>0</nominal>
		<lifetime>86400</lifetime>
		<restock>1800</restock>
		<min>0</min>
		<quantmin>-1</quantmin>
		<quantmax>-1</quantmax>
		<cost>100</cost>
		<flags count_in_cargo="0" count_in_hoarder="0" count_in_map="1" count_in_player="0" crafted="0" deloot="0"/>
	</type>
	<type name="EXT_Mi8Door_ACR">
		<nominal>0</nominal>
		<lifetime>86400</lifetime>
		<restock>1800</restock>
		<min>0</min>
		<quantmin>-1</quantmin>
		<quantmax>-1</quantmax>
		<cost>100</cost>
		<flags count_in_cargo="0" count_in_hoarder="0" count_in_map="1" count_in_player="0" crafted="0" deloot="0"/>
	</type>
	<type name="EXT_Mi8_Chedaki">
		<nominal>0</nominal>
		<lifetime>86400</lifetime>
		<restock>1800</restock>
		<min>0</min>
		<quantmin>-1</quantmin>
		<quantmax>-1</quantmax>
		<cost>100</cost>
		<flags count_in_cargo="0" count_in_hoarder="0" count_in_map="1" count_in_player="0" crafted="0" deloot="0"/>
	</type>
	<type name="EXT_Mi8Door_Chedaki">
		<nominal>0</nominal>
		<lifetime>86400</lifetime>
		<restock>1800</restock>
		<min>0</min>
		<quantmin>-1</quantmin>
		<quantmax>-1</quantmax>
		<cost>100</cost>
		<flags count_in_cargo="0" count_in_hoarder="0" count_in_map="1" count_in_player="0" crafted="0" deloot="0"/>
	</type>
	<type name="EXT_Mi8_Chernarus">
		<nominal>0</nominal>
		<lifetime>86400</lifetime>
		<restock>1800</restock>
		<min>0</min>
		<quantmin>-1</quantmin>
		<quantmax>-1</quantmax>
		<cost>100</cost>
		<flags count_in_cargo="0" count_in_hoarder="0" count_in_map="1" count_in_player="0" crafted="0" deloot="0"/>
	</type>
	<type name="EXT_Mi8Door_Chernarus">
		<nominal>0</nominal>
		<lifetime>86400</lifetime>
		<restock>1800</restock>
		<min>0</min>
		<quantmin>-1</quantmin>
		<quantmax>-1</quantmax>
		<cost>100</cost>
		<flags count_in_cargo="0" count_in_hoarder="0" count_in_map="1" count_in_player="0" crafted="0" deloot="0"/>
	</type>
	<type name="EXT_Mi8_Civilian">
		<nominal>0</nominal>
		<lifetime>86400</lifetime>
		<restock>1800</restock>
		<min>0</min>
		<quantmin>-1</quantmin>
		<quantmax>-1</quantmax>
		<cost>100</cost>
		<flags count_in_cargo="0" count_in_hoarder="0" count_in_map="1" count_in_player="0" crafted="0" deloot="0"/>
	</type>
	<type name="EXT_Mi8Door_Civilian">
		<nominal>0</nominal>
		<lifetime>86400</lifetime>
		<restock>1800</restock>
		<min>0</min>
		<quantmin>-1</quantmin>
		<quantmax>-1</quantmax>
		<cost>100</cost>
		<flags count_in_cargo="0" count_in_hoarder="0" count_in_map="1" count_in_player="0" crafted="0" deloot="0"/>
	</type>
	<type name="EXT_Mi8_RAF">
		<nominal>0</nominal>
		<lifetime>86400</lifetime>
		<restock>1800</restock>
		<min>0</min>
		<quantmin>-1</quantmin>
		<quantmax>-1</quantmax>
		<cost>100</cost>
		<flags count_in_cargo="0" count_in_hoarder="0" count_in_map="1" count_in_player="0" crafted="0" deloot="0"/>
	</type>
	<type name="EXT_Mi8Door_RAF">
		<nominal>0</nominal>
		<lifetime>86400</lifetime>
		<restock>1800</restock>
		<min>0</min>
		<quantmin>-1</quantmin>
		<quantmax>-1</quantmax>
		<cost>100</cost>
		<flags count_in_cargo="0" count_in_hoarder="0" count_in_map="1" count_in_player="0" crafted="0" deloot="0"/>
	</type>
	<type name="EXT_Mi8_Takistan">
		<nominal>0</nominal>
		<lifetime>86400</lifetime>
		<restock>1800</restock>
		<min>0</min>
		<quantmin>-1</quantmin>
		<quantmax>-1</quantmax>
		<cost>100</cost>
		<flags count_in_cargo="0" count_in_hoarder="0" count_in_map="1" count_in_player="0" crafted="0" deloot="0"/>
	</type>
	<type name="EXT_Mi8Door_Takistan">
		<nominal>0</nominal>
		<lifetime>86400</lifetime>
		<restock>1800</restock>
		<min>0</min>
		<quantmin>-1</quantmin>
		<quantmax>-1</quantmax>
		<cost>100</cost>
		<flags count_in_cargo="0" count_in_hoarder="0" count_in_map="1" count_in_player="0" crafted="0" deloot="0"/>
	</type>
	<type name="EXT_Mi8_UnitedNations">
		<nominal>0</nominal>
		<lifetime>86400</lifetime>
		<restock>1800</restock>
		<min>0</min>
		<quantmin>-1</quantmin>
		<quantmax>-1</quantmax>
		<cost>100</cost>
		<flags count_in_cargo="0" count_in_hoarder="0" count_in_map="1" count_in_player="0" crafted="0" deloot="0"/>
	</type>
	<type name="EXT_Mi8Door_UnitedNations">
		<nominal>0</nominal>
		<lifetime>86400</lifetime>
		<restock>1800</restock>
		<min>0</min>
		<quantmin>-1</quantmin>
		<quantmax>-1</quantmax>
		<cost>100</cost>
		<flags count_in_cargo="0" count_in_hoarder="0" count_in_map="1" count_in_player="0" crafted="0" deloot="0"/>
	</type>
	<type name="EXT_Mi8_Attack_Takistan">
		<nominal>0</nominal>
		<lifetime>86400</lifetime>
		<restock>1800</restock>
		<min>0</min>
		<quantmin>-1</quantmin>
		<quantmax>-1</quantmax>
		<cost>100</cost>
		<flags count_in_cargo="0" count_in_hoarder="0" count_in_map="1" count_in_player="0" crafted="0" deloot="0"/>
	</type>
	<type name="EXT_Mi8_Attack_UnitedNations">
		<nominal>0</nominal>
		<lifetime>86400</lifetime>
		<restock>1800</restock>
		<min>0</min>
		<quantmin>-1</quantmin>
		<quantmax>-1</quantmax>
		<cost>100</cost>
		<flags count_in_cargo="0" count_in_hoarder="0" count_in_map="1" count_in_player="0" crafted="0" deloot="0"/>
	</type>
	<type name="EXT_Mi8_Attack_Chedaki">
		<nominal>0</nominal>
		<lifetime>86400</lifetime>
		<restock>1800</restock>
		<min>0</min>
		<quantmin>-1</quantmin>
		<quantmax>-1</quantmax>
		<cost>100</cost>
		<flags count_in_cargo="0" count_in_hoarder="0" count_in_map="1" count_in_player="0" crafted="0" deloot="0"/>
	</type>
	<type name="EXT_Mi8_Attack_Civilian">
		<nominal>0</nominal>
		<lifetime>86400</lifetime>
		<restock>1800</restock>
		<min>0</min>
		<quantmin>-1</quantmin>
		<quantmax>-1</quantmax>
		<cost>100</cost>
		<flags count_in_cargo="0" count_in_hoarder="0" count_in_map="1" count_in_player="0" crafted="0" deloot="0"/>
	</type>
	<type name="EXT_Mi8_Attack_ACR">
		<nominal>0</nominal>
		<lifetime>86400</lifetime>
		<restock>1800</restock>
		<min>0</min>
		<quantmin>-1</quantmin>
		<quantmax>-1</quantmax>
		<cost>100</cost>
		<flags count_in_cargo="0" count_in_hoarder="0" count_in_map="1" count_in_player="0" crafted="0" deloot="0"/>
	</type>
	<type name="EXT_Mi8_Attack_RAF">
		<nominal>0</nominal>
		<lifetime>86400</lifetime>
		<restock>1800</restock>
		<min>0</min>
		<quantmin>-1</quantmin>
		<quantmax>-1</quantmax>
		<cost>100</cost>
		<flags count_in_cargo="0" count_in_hoarder="0" count_in_map="1" count_in_player="0" crafted="0" deloot="0"/>
	</type>
	<type name="EXT_Mi8_Attack_Chernarus">
		<nominal>0</nominal>
		<lifetime>86400</lifetime>
		<restock>1800</restock>
		<min>0</min>
		<quantmin>-1</quantmin>
		<quantmax>-1</quantmax>
		<cost>100</cost>
		<flags count_in_cargo="0" count_in_hoarder="0" count_in_map="1" count_in_player="0" crafted="0" deloot="0"/>
	</type>
	<type name="EXT_KA52_Black">
		<nominal>0</nominal>
		<lifetime>86400</lifetime>
		<restock>1800</restock>
		<min>0</min>
		<quantmin>-1</quantmin>
		<quantmax>-1</quantmax>
		<cost>100</cost>
		<flags count_in_cargo="0" count_in_hoarder="0" count_in_map="1" count_in_player="0" crafted="0" deloot="0"/>
	</type>
	<type name="EXT_KA52_door_1_1_Black">
		<nominal>0</nominal>
		<lifetime>86400</lifetime>
		<restock>1800</restock>
		<min>0</min>
		<quantmin>-1</quantmin>
		<quantmax>-1</quantmax>
		<cost>100</cost>
		<flags count_in_cargo="0" count_in_hoarder="0" count_in_map="1" count_in_player="0" crafted="0" deloot="0"/>
	</type>
	<type name="EXT_KA52_door_2_1_Black">
		<nominal>0</nominal>
		<lifetime>86400</lifetime>
		<restock>1800</restock>
		<min>0</min>
		<quantmin>-1</quantmin>
		<quantmax>-1</quantmax>
		<cost>100</cost>
		<flags count_in_cargo="0" count_in_hoarder="0" count_in_map="1" count_in_player="0" crafted="0" deloot="0"/>
	</type>
	<type name="EXT_KA52_Woodland">
		<nominal>0</nominal>
		<lifetime>86400</lifetime>
		<restock>1800</restock>
		<min>0</min>
		<quantmin>-1</quantmin>
		<quantmax>-1</quantmax>
		<cost>100</cost>
		<flags count_in_cargo="0" count_in_hoarder="0" count_in_map="1" count_in_player="0" crafted="0" deloot="0"/>
	</type>
	<type name="EXT_KA52_door_1_1_Woodland">
		<nominal>0</nominal>
		<lifetime>86400</lifetime>
		<restock>1800</restock>
		<min>0</min>
		<quantmin>-1</quantmin>
		<quantmax>-1</quantmax>
		<cost>100</cost>
		<flags count_in_cargo="0" count_in_hoarder="0" count_in_map="1" count_in_player="0" crafted="0" deloot="0"/>
	</type>
	<type name="EXT_KA52_door_2_1_Woodland">
		<nominal>0</nominal>
		<lifetime>86400</lifetime>
		<restock>1800</restock>
		<min>0</min>
		<quantmin>-1</quantmin>
		<quantmax>-1</quantmax>
		<cost>100</cost>
		<flags count_in_cargo="0" count_in_hoarder="0" count_in_map="1" count_in_player="0" crafted="0" deloot="0"/>
	</type>
	<type name="EXT_UH1Y_USMC">
		<nominal>0</nominal>
		<lifetime>86400</lifetime>
		<restock>1800</restock>
		<min>0</min>
		<quantmin>-1</quantmin>
		<quantmax>-1</quantmax>
		<cost>100</cost>
		<flags count_in_cargo="0" count_in_hoarder="0" count_in_map="1" count_in_player="0" crafted="0" deloot="0"/>
	</type>
	<type name="EXT_UH1Y_door_1_1_USMC">
		<nominal>0</nominal>
		<lifetime>86400</lifetime>
		<restock>1800</restock>
		<min>0</min>
		<quantmin>-1</quantmin>
		<quantmax>-1</quantmax>
		<cost>100</cost>
		<flags count_in_cargo="0" count_in_hoarder="0" count_in_map="1" count_in_player="0" crafted="0" deloot="0"/>
	</type>
	<type name="EXT_UH1Y_door_2_1_USMC">
		<nominal>0</nominal>
		<lifetime>86400</lifetime>
		<restock>1800</restock>
		<min>0</min>
		<quantmin>-1</quantmin>
		<quantmax>-1</quantmax>
		<cost>100</cost>
		<flags count_in_cargo="0" count_in_hoarder="0" count_in_map="1" count_in_player="0" crafted="0" deloot="0"/>	
	</type>
	<type name="EXT_UH1Y_SAR">
		<nominal>0</nominal>
		<lifetime>86400</lifetime>
		<restock>1800</restock>
		<min>0</min>
		<quantmin>-1</quantmin>
		<quantmax>-1</quantmax>
		<cost>100</cost>
		<flags count_in_cargo="0" count_in_hoarder="0" count_in_map="1" count_in_player="0" crafted="0" deloot="0"/>	
	</type>
	<type name="EXT_UH1Y_door_1_1_SAR">
		<nominal>0</nominal>
		<lifetime>86400</lifetime>
		<restock>1800</restock>
		<min>0</min>
		<quantmin>-1</quantmin>
		<quantmax>-1</quantmax>
		<cost>100</cost>
		<flags count_in_cargo="0" count_in_hoarder="0" count_in_map="1" count_in_player="0" crafted="0" deloot="0"/>
	</type>
	<type name="EXT_UH1Y_door_2_1_SAR">
		<nominal>0</nominal>
		<lifetime>86400</lifetime>
		<restock>1800</restock>
		<min>0</min>
		<quantmin>-1</quantmin>
		<quantmax>-1</quantmax>
		<cost>100</cost>
		<flags count_in_cargo="0" count_in_hoarder="0" count_in_map="1" count_in_player="0" crafted="0" deloot="0"/>
	</type>
	<type name="EXT_UH1Y_ACR">
		<nominal>0</nominal>
		<lifetime>86400</lifetime>
		<restock>1800</restock>
		<min>0</min>
		<quantmin>-1</quantmin>
		<quantmax>-1</quantmax>
		<cost>100</cost>
		<flags count_in_cargo="0" count_in_hoarder="0" count_in_map="1" count_in_player="0" crafted="0" deloot="0"/>
	</type>
	<type name="EXT_UH1Y_door_1_1_ACR">
		<nominal>0</nominal>
		<lifetime>86400</lifetime>
		<restock>1800</restock>
		<min>0</min>
		<quantmin>-1</quantmin>
		<quantmax>-1</quantmax>
		<cost>100</cost>
		<flags count_in_cargo="0" count_in_hoarder="0" count_in_map="1" count_in_player="0" crafted="0" deloot="0"/>	
	</type>
	<type name="EXT_UH1Y_door_2_1_ACR">
		<nominal>0</nominal>
		<lifetime>86400</lifetime>
		<restock>1800</restock>
		<min>0</min>
		<quantmin>-1</quantmin>
		<quantmax>-1</quantmax>
		<cost>100</cost>
		<flags count_in_cargo="0" count_in_hoarder="0" count_in_map="1" count_in_player="0" crafted="0" deloot="0"/>
	</type>
	<type name="EXT_AW159_BAF">
		<nominal>0</nominal>
		<lifetime>86400</lifetime>
		<restock>1800</restock>
		<min>0</min>
		<quantmin>-1</quantmin>
		<quantmax>-1</quantmax>
		<cost>100</cost>
		<flags count_in_cargo="0" count_in_hoarder="0" count_in_map="1" count_in_player="0" crafted="0" deloot="0"/>
	</type>
	<type name="EXT_AW159_UN">
		<nominal>0</nominal>
		<lifetime>86400</lifetime>
		<restock>1800</restock>
		<min>0</min>
		<quantmin>-1</quantmin>
		<quantmax>-1</quantmax>
		<cost>100</cost>
		<flags count_in_cargo="0" count_in_hoarder="0" count_in_map="1" count_in_player="0" crafted="0" deloot="0"/>
	</type>
	<type name="EXT_AW159_Marine">
		<nominal>0</nominal>
		<lifetime>86400</lifetime>
		<restock>1800</restock>
		<min>0</min>
		<quantmin>-1</quantmin>
		<quantmax>-1</quantmax>
		<cost>100</cost>
		<flags count_in_cargo="0" count_in_hoarder="0" count_in_map="1" count_in_player="0" crafted="0" deloot="0"/>	
	</type>
	<type name="EXT_AH1Z_Door_1_1">
		<nominal>0</nominal>
		<lifetime>86400</lifetime>
		<restock>1800</restock>
		<min>0</min>
		<quantmin>-1</quantmin>
		<quantmax>-1</quantmax>
		<cost>100</cost>
		<flags count_in_cargo="0" count_in_hoarder="0" count_in_map="1" count_in_player="0" crafted="0" deloot="0"/>
	</type>
	<type name="EXT_AH1Z_Door_2_1">
		<nominal>0</nominal>
		<lifetime>86400</lifetime>
		<restock>1800</restock>
		<min>0</min>
		<quantmin>-1</quantmin>
		<quantmax>-1</quantmax>
		<cost>100</cost>
		<flags count_in_cargo="0" count_in_hoarder="0" count_in_map="1" count_in_player="0" crafted="0" deloot="0"/>
	</type>
	<type name="EXT_AH1Z">
		<nominal>0</nominal>
		<lifetime>86400</lifetime>
		<restock>1800</restock>
		<min>0</min>
		<quantmin>-1</quantmin>
		<quantmax>-1</quantmax>
		<cost>100</cost>
		<flags count_in_cargo="0" count_in_hoarder="0" count_in_map="1" count_in_player="0" crafted="0" deloot="0"/>
	</type>
	<type name="EXT_AH1ZWreck">
		<nominal>0</nominal>
		<lifetime>86400</lifetime>
		<restock>1800</restock>
		<min>0</min>
		<quantmin>-1</quantmin>
		<quantmax>-1</quantmax>
		<cost>100</cost>
		<flags count_in_cargo="0" count_in_hoarder="0" count_in_map="1" count_in_player="0" crafted="0" deloot="0"/>
	</type>
	<type name="EXT_AH64D">
		<nominal>0</nominal>
		<lifetime>86400</lifetime>
		<restock>1800</restock>
		<min>0</min>
		<quantmin>-1</quantmin>
		<quantmax>-1</quantmax>
		<cost>100</cost>
		<flags count_in_cargo="0" count_in_hoarder="0" count_in_map="1" count_in_player="0" crafted="0" deloot="0"/>
	</type>
	<type name="EXT_AH64DWreck">
		<nominal>0</nominal>
		<lifetime>86400</lifetime>
		<restock>1800</restock>
		<min>0</min>
		<quantmin>-1</quantmin>
		<quantmax>-1</quantmax>
		<cost>100</cost>
		<flags count_in_cargo="0" count_in_hoarder="0" count_in_map="1" count_in_player="0" crafted="0" deloot="0"/>
	</type>
	<type name="EXT_AW159_FrontWheel">
		<nominal>0</nominal>
		<lifetime>86400</lifetime>
		<restock>1800</restock>
		<min>0</min>
		<quantmin>-1</quantmin>
		<quantmax>-1</quantmax>
		<cost>100</cost>
		<flags count_in_cargo="0" count_in_hoarder="0" count_in_map="1" count_in_player="0" crafted="0" deloot="0"/>
	</type>
	<type name="EXT_AW159_BackWheel">
		<nominal>0</nominal>
		<lifetime>86400</lifetime>
		<restock>1800</restock>
		<min>0</min>
		<quantmin>-1</quantmin>
		<quantmax>-1</quantmax>
		<cost>100</cost>
		<flags count_in_cargo="0" count_in_hoarder="0" count_in_map="1" count_in_player="0" crafted="0" deloot="0"/>
	</type>
	<type name="EXT_AW159Wreck">
		<nominal>0</nominal>
		<lifetime>86400</lifetime>
		<restock>1800</restock>
		<min>0</min>
		<quantmin>-1</quantmin>
		<quantmax>-1</quantmax>
		<cost>100</cost>
		<flags count_in_cargo="0" count_in_hoarder="0" count_in_map="1" count_in_player="0" crafted="0" deloot="0"/>
	</type>
	<type name="EXT_AW159">
		<nominal>0</nominal>
		<lifetime>86400</lifetime>
		<restock>1800</restock>
		<min>0</min>
		<quantmin>-1</quantmin>
		<quantmax>-1</quantmax>
		<cost>100</cost>
		<flags count_in_cargo="0" count_in_hoarder="0" count_in_map="1" count_in_player="0" crafted="0" deloot="0"/>
	</type>
	<type name="EXT_CH_47FWreck">
		<nominal>0</nominal>
		<lifetime>86400</lifetime>
		<restock>1800</restock>
		<min>0</min>
		<quantmin>-1</quantmin>
		<quantmax>-1</quantmax>
		<cost>100</cost>
		<flags count_in_cargo="0" count_in_hoarder="0" count_in_map="1" count_in_player="0" crafted="0" deloot="0"/>	
	</type>
	<type name="EXT_CH_47F">
		<nominal>0</nominal>
		<lifetime>86400</lifetime>
		<restock>1800</restock>
		<min>0</min>
		<quantmin>-1</quantmin>
		<quantmax>-1</quantmax>
		<cost>100</cost>
		<flags count_in_cargo="0" count_in_hoarder="0" count_in_map="1" count_in_player="0" crafted="0" deloot="0"/>
	</type>
	<type name="EXT_KA52_door_1_1">
		<nominal>0</nominal>
		<lifetime>86400</lifetime>
		<restock>1800</restock>
		<min>0</min>
		<quantmin>-1</quantmin>
		<quantmax>-1</quantmax>
		<cost>100</cost>
		<flags count_in_cargo="0" count_in_hoarder="0" count_in_map="1" count_in_player="0" crafted="0" deloot="0"/>
	</type>
	<type name="EXT_KA52_door_2_1">
		<nominal>0</nominal>
		<lifetime>86400</lifetime>
		<restock>1800</restock>
		<min>0</min>
		<quantmin>-1</quantmin>
		<quantmax>-1</quantmax>
		<cost>100</cost>
		<flags count_in_cargo="0" count_in_hoarder="0" count_in_map="1" count_in_player="0" crafted="0" deloot="0"/>
	</type>
	<type name="EXT_KA52FrontWheel">
		<nominal>0</nominal>
		<lifetime>86400</lifetime>
		<restock>1800</restock>
		<min>0</min>
		<quantmin>-1</quantmin>
		<quantmax>-1</quantmax>
		<cost>100</cost>
		<flags count_in_cargo="0" count_in_hoarder="0" count_in_map="1" count_in_player="0" crafted="0" deloot="0"/>
	</type>
	<type name="EXT_KA52BackWheel">
		<nominal>0</nominal>
		<lifetime>86400</lifetime>
		<restock>1800</restock>
		<min>0</min>
		<quantmin>-1</quantmin>
		<quantmax>-1</quantmax>
		<cost>100</cost>
		<flags count_in_cargo="0" count_in_hoarder="0" count_in_map="1" count_in_player="0" crafted="0" deloot="0"/>
	</type>
	<type name="EXT_KA52Wreck">
		<nominal>0</nominal>
		<lifetime>86400</lifetime>
		<restock>1800</restock>
		<min>0</min>
		<quantmin>-1</quantmin>
		<quantmax>-1</quantmax>
		<cost>100</cost>
		<flags count_in_cargo="0" count_in_hoarder="0" count_in_map="1" count_in_player="0" crafted="0" deloot="0"/>	
	</type>
	<type name="EXT_KA52">
		<nominal>0</nominal>
		<lifetime>86400</lifetime>
		<restock>1800</restock>
		<min>0</min>
		<quantmin>-1</quantmin>
		<quantmax>-1</quantmax>
		<cost>100</cost>
		<flags count_in_cargo="0" count_in_hoarder="0" count_in_map="1" count_in_player="0" crafted="0" deloot="0"/>	
	</type>
	<type name="EXT_KA60_FrontWheel">
		<nominal>0</nominal>
		<lifetime>86400</lifetime>
		<restock>1800</restock>
		<min>0</min>
		<quantmin>-1</quantmin>
		<quantmax>-1</quantmax>
		<cost>100</cost>
		<flags count_in_cargo="0" count_in_hoarder="0" count_in_map="1" count_in_player="0" crafted="0" deloot="0"/>	
	</type>
	<type name="EXT_KA60_BackWheel">
		<nominal>0</nominal>
		<lifetime>86400</lifetime>
		<restock>1800</restock>
		<min>0</min>
		<quantmin>-1</quantmin>
		<quantmax>-1</quantmax>
		<cost>100</cost>
		<flags count_in_cargo="0" count_in_hoarder="0" count_in_map="1" count_in_player="0" crafted="0" deloot="0"/>
	</type>
	<type name="EXT_KA60_Door">
		<nominal>0</nominal>
		<lifetime>86400</lifetime>
		<restock>1800</restock>
		<min>0</min>
		<quantmin>-1</quantmin>
		<quantmax>-1</quantmax>
		<cost>100</cost>
		<flags count_in_cargo="0" count_in_hoarder="0" count_in_map="1" count_in_player="0" crafted="0" deloot="0"/>
	</type>
	<type name="EXT_KA60Wreck">
		<nominal>0</nominal>
		<lifetime>86400</lifetime>
		<restock>1800</restock>
		<min>0</min>
		<quantmin>-1</quantmin>
		<quantmax>-1</quantmax>
		<cost>100</cost>
		<flags count_in_cargo="0" count_in_hoarder="0" count_in_map="1" count_in_player="0" crafted="0" deloot="0"/>
	</type>
	<type name="EXT_KA60">
		<nominal>0</nominal>
		<lifetime>86400</lifetime>
		<restock>1800</restock>
		<min>0</min>
		<quantmin>-1</quantmin>
		<quantmax>-1</quantmax>
		<cost>100</cost>
		<flags count_in_cargo="0" count_in_hoarder="0" count_in_map="1" count_in_player="0" crafted="0" deloot="0"/>	
	</type>
	<type name="EXT_MerlinHC3_FrontWheel">
		<nominal>0</nominal>
		<lifetime>86400</lifetime>
		<restock>1800</restock>
		<min>0</min>
		<quantmin>-1</quantmin>
		<quantmax>-1</quantmax>
		<cost>100</cost>
		<flags count_in_cargo="0" count_in_hoarder="0" count_in_map="1" count_in_player="0" crafted="0" deloot="0"/>
	</type>
	<type name="EXT_MerlinHC3_BackWheel">
		<nominal>0</nominal>
		<lifetime>86400</lifetime>
		<restock>1800</restock>
		<min>0</min>
		<quantmin>-1</quantmin>
		<quantmax>-1</quantmax>
		<cost>100</cost>
		<flags count_in_cargo="0" count_in_hoarder="0" count_in_map="1" count_in_player="0" crafted="0" deloot="0"/>	
	</type>
	<type name="EXT_MerlinHC3_Door_1_1">
		<nominal>0</nominal>
		<lifetime>86400</lifetime>
		<restock>1800</restock>
		<min>0</min>
		<quantmin>-1</quantmin>
		<quantmax>-1</quantmax>
		<cost>100</cost>
		<flags count_in_cargo="0" count_in_hoarder="0" count_in_map="1" count_in_player="0" crafted="0" deloot="0"/>	
	</type>
	<type name="EXT_MerlinHC3_Door_2_1">
		<nominal>0</nominal>
		<lifetime>86400</lifetime>
		<restock>1800</restock>
		<min>0</min>
		<quantmin>-1</quantmin>
		<quantmax>-1</quantmax>
		<cost>100</cost>
		<flags count_in_cargo="0" count_in_hoarder="0" count_in_map="1" count_in_player="0" crafted="0" deloot="0"/>
	</type>
	<type name="EXT_MerlinHC3_Cargo_Door">
		<nominal>0</nominal>
		<lifetime>86400</lifetime>
		<restock>1800</restock>
		<min>0</min>
		<quantmin>-1</quantmin>
		<quantmax>-1</quantmax>
		<cost>100</cost>
		<flags count_in_cargo="0" count_in_hoarder="0" count_in_map="1" count_in_player="0" crafted="0" deloot="0"/>	
	</type>
	<type name="EXT_MerlinHC3_BAFWreck">
		<nominal>0</nominal>
		<lifetime>86400</lifetime>
		<restock>1800</restock>
		<min>0</min>
		<quantmin>-1</quantmin>
		<quantmax>-1</quantmax>
		<cost>100</cost>
		<flags count_in_cargo="0" count_in_hoarder="0" count_in_map="1" count_in_player="0" crafted="0" deloot="0"/>	
	</type>
	<type name="EXT_MerlinHC3">
		<nominal>0</nominal>
		<lifetime>86400</lifetime>
		<restock>1800</restock>
		<min>0</min>
		<quantmin>-1</quantmin>
		<quantmax>-1</quantmax>
		<cost>100</cost>
		<flags count_in_cargo="0" count_in_hoarder="0" count_in_map="1" count_in_player="0" crafted="0" deloot="0"/>
	</type>
	<type name="EXT_MI24_door_1_1">
		<nominal>0</nominal>
		<lifetime>86400</lifetime>
		<restock>1800</restock>
		<min>0</min>
		<quantmin>-1</quantmin>
		<quantmax>-1</quantmax>
		<cost>100</cost>
		<flags count_in_cargo="0" count_in_hoarder="0" count_in_map="1" count_in_player="0" crafted="0" deloot="0"/>	
	</type>
	<type name="EXT_MI24_door_2_2">
		<nominal>0</nominal>
		<lifetime>86400</lifetime>
		<restock>1800</restock>
		<min>0</min>
		<quantmin>-1</quantmin>
		<quantmax>-1</quantmax>
		<cost>100</cost>
		<flags count_in_cargo="0" count_in_hoarder="0" count_in_map="1" count_in_player="0" crafted="0" deloot="0"/>	
	</type>
	<type name="EXT_MI24_door_2_1">
		<nominal>0</nominal>
		<lifetime>86400</lifetime>
		<restock>1800</restock>
		<min>0</min>
		<quantmin>-1</quantmin>
		<quantmax>-1</quantmax>
		<cost>100</cost>
		<flags count_in_cargo="0" count_in_hoarder="0" count_in_map="1" count_in_player="0" crafted="0" deloot="0"/>	
	</type>
	<type name="EXT_MI24_door_cargo_1">
		<nominal>0</nominal>
		<lifetime>86400</lifetime>
		<restock>1800</restock>
		<min>0</min>
		<quantmin>-1</quantmin>
		<quantmax>-1</quantmax>
		<cost>100</cost>
		<flags count_in_cargo="0" count_in_hoarder="0" count_in_map="1" count_in_player="0" crafted="0" deloot="0"/>	
	</type>
	<type name="EXT_MI24_door_cargo_2">
		<nominal>0</nominal>
		<lifetime>86400</lifetime>
		<restock>1800</restock>
		<min>0</min>
		<quantmin>-1</quantmin>
		<quantmax>-1</quantmax>
		<cost>100</cost>
		<flags count_in_cargo="0" count_in_hoarder="0" count_in_map="1" count_in_player="0" crafted="0" deloot="0"/>	
	</type>
	<type name="EXT_MI24_wheel_1_1">
		<nominal>0</nominal>
		<lifetime>86400</lifetime>
		<restock>1800</restock>
		<min>0</min>
		<quantmin>-1</quantmin>
		<quantmax>-1</quantmax>
		<cost>100</cost>
		<flags count_in_cargo="0" count_in_hoarder="0" count_in_map="1" count_in_player="0" crafted="0" deloot="0"/>	
	</type>
	<type name="EXT_MI24_wheel_1_2">
		<nominal>0</nominal>
		<lifetime>86400</lifetime>
		<restock>1800</restock>
		<min>0</min>
		<quantmin>-1</quantmin>
		<quantmax>-1</quantmax>
		<cost>100</cost>
		<flags count_in_cargo="0" count_in_hoarder="0" count_in_map="1" count_in_player="0" crafted="0" deloot="0"/>	
	</type>
	<type name="EXT_MI24_wheel_2_1">
		<nominal>0</nominal>
		<lifetime>86400</lifetime>
		<restock>1800</restock>
		<min>0</min>
		<quantmin>-1</quantmin>
		<quantmax>-1</quantmax>
		<cost>100</cost>
		<flags count_in_cargo="0" count_in_hoarder="0" count_in_map="1" count_in_player="0" crafted="0" deloot="0"/>	
	</type>
	<type name="EXT_MI24_wheel_2_2">
		<nominal>0</nominal>
		<lifetime>86400</lifetime>
		<restock>1800</restock>
		<min>0</min>
		<quantmin>-1</quantmin>
		<quantmax>-1</quantmax>
		<cost>100</cost>
		<flags count_in_cargo="0" count_in_hoarder="0" count_in_map="1" count_in_player="0" crafted="0" deloot="0"/>	
	</type>
	<type name="EXT_MI24Wreck">
		<nominal>0</nominal>
		<lifetime>86400</lifetime>
		<restock>1800</restock>
		<min>0</min>
		<quantmin>-1</quantmin>
		<quantmax>-1</quantmax>
		<cost>100</cost>
		<flags count_in_cargo="0" count_in_hoarder="0" count_in_map="1" count_in_player="0" crafted="0" deloot="0"/>	
	</type>
	<type name="EXT_MI24">
		<nominal>0</nominal>
		<lifetime>86400</lifetime>
		<restock>1800</restock>
		<min>0</min>
		<quantmin>-1</quantmin>
		<quantmax>-1</quantmax>
		<cost>100</cost>
		<flags count_in_cargo="0" count_in_hoarder="0" count_in_map="1" count_in_player="0" crafted="0" deloot="0"/>	
	</type>
	<type name="EXT_Mi8FrontWheel">
		<nominal>0</nominal>
		<lifetime>86400</lifetime>
		<restock>1800</restock>
		<min>0</min>
		<quantmin>-1</quantmin>
		<quantmax>-1</quantmax>
		<cost>100</cost>
		<flags count_in_cargo="0" count_in_hoarder="0" count_in_map="1" count_in_player="0" crafted="0" deloot="0"/>	
	</type>
	<type name="EXT_Mi8BackWheel">
		<nominal>0</nominal>
		<lifetime>86400</lifetime>
		<restock>1800</restock>
		<min>0</min>
		<quantmin>-1</quantmin>
		<quantmax>-1</quantmax>
		<cost>100</cost>
		<flags count_in_cargo="0" count_in_hoarder="0" count_in_map="1" count_in_player="0" crafted="0" deloot="0"/>	
	</type>
	<type name="EXT_Mi8Door">
		<nominal>0</nominal>
		<lifetime>86400</lifetime>
		<restock>1800</restock>
		<min>0</min>
		<quantmin>-1</quantmin>
		<quantmax>-1</quantmax>
		<cost>100</cost>
		<flags count_in_cargo="0" count_in_hoarder="0" count_in_map="1" count_in_player="0" crafted="0" deloot="0"/>		
	</type>
	<type name="EXT_Mi8Wreck">
		<nominal>0</nominal>
		<lifetime>86400</lifetime>
		<restock>1800</restock>
		<min>0</min>
		<quantmin>-1</quantmin>
		<quantmax>-1</quantmax>
		<cost>100</cost>
		<flags count_in_cargo="0" count_in_hoarder="0" count_in_map="1" count_in_player="0" crafted="0" deloot="0"/>		
	</type>
	<type name="EXT_Mi8">
		<nominal>0</nominal>
		<lifetime>86400</lifetime>
		<restock>1800</restock>
		<min>0</min>
		<quantmin>-1</quantmin>
		<quantmax>-1</quantmax>
		<cost>100</cost>
		<flags count_in_cargo="0" count_in_hoarder="0" count_in_map="1" count_in_player="0" crafted="0" deloot="0"/>	
	</type>
	<type name="EXT_Mi8_Attack">
		<nominal>0</nominal>
		<lifetime>86400</lifetime>
		<restock>1800</restock>
		<min>0</min>
		<quantmin>-1</quantmin>
		<quantmax>-1</quantmax>
		<cost>100</cost>
		<flags count_in_cargo="0" count_in_hoarder="0" count_in_map="1" count_in_player="0" crafted="0" deloot="0"/>	
	</type>
	<type name="EXT_Mi171">
		<nominal>0</nominal>
		<lifetime>86400</lifetime>
		<restock>1800</restock>
		<min>0</min>
		<quantmin>-1</quantmin>
		<quantmax>-1</quantmax>
		<cost>100</cost>
		<flags count_in_cargo="0" count_in_hoarder="0" count_in_map="1" count_in_player="0" crafted="0" deloot="0"/>	
	</type>
	<type name="EXT_UH1Y_door_1_1">
		<nominal>0</nominal>
		<lifetime>86400</lifetime>
		<restock>1800</restock>
		<min>0</min>
		<quantmin>-1</quantmin>
		<quantmax>-1</quantmax>
		<cost>100</cost>
		<flags count_in_cargo="0" count_in_hoarder="0" count_in_map="1" count_in_player="0" crafted="0" deloot="0"/>	
	</type>
	<type name="EXT_UH1Y_door_2_1">
		<nominal>0</nominal>
		<lifetime>86400</lifetime>
		<restock>1800</restock>
		<min>0</min>
		<quantmin>-1</quantmin>
		<quantmax>-1</quantmax>
		<cost>100</cost>
		<flags count_in_cargo="0" count_in_hoarder="0" count_in_map="1" count_in_player="0" crafted="0" deloot="0"/>	
	</type>
	<type name="EXT_UH1YWreck">
		<nominal>0</nominal>
		<lifetime>86400</lifetime>
		<restock>1800</restock>
		<min>0</min>
		<quantmin>-1</quantmin>
		<quantmax>-1</quantmax>
		<cost>100</cost>
		<flags count_in_cargo="0" count_in_hoarder="0" count_in_map="1" count_in_player="0" crafted="0" deloot="0"/>	
	</type>
	<type name="EXT_UH1Y">
		<nominal>0</nominal>
		<lifetime>86400</lifetime>
		<restock>1800</restock>
		<min>0</min>
		<quantmin>-1</quantmin>
		<quantmax>-1</quantmax>
		<cost>100</cost>
		<flags count_in_cargo="0" count_in_hoarder="0" count_in_map="1" count_in_player="0" crafted="0" deloot="0"/>
	</type>
	<type name="EXT_UH60M_Door_1_1">
		<nominal>0</nominal>
		<lifetime>86400</lifetime>
		<restock>1800</restock>
		<min>0</min>
		<quantmin>-1</quantmin>
		<quantmax>-1</quantmax>
		<cost>100</cost>
		<flags count_in_cargo="0" count_in_hoarder="0" count_in_map="1" count_in_player="0" crafted="0" deloot="0"/>	
	</type>
	<type name="EXT_UH60M_Door_1_2">
		<nominal>0</nominal>
		<lifetime>86400</lifetime>
		<restock>1800</restock>
		<min>0</min>
		<quantmin>-1</quantmin>
		<quantmax>-1</quantmax>
		<cost>100</cost>
		<flags count_in_cargo="0" count_in_hoarder="0" count_in_map="1" count_in_player="0" crafted="0" deloot="0"/>
	</type>
	<type name="EXT_UH60M_Door_2_1">
		<nominal>0</nominal>
		<lifetime>86400</lifetime>
		<restock>1800</restock>
		<min>0</min>
		<quantmin>-1</quantmin>
		<quantmax>-1</quantmax>
		<cost>100</cost>
		<flags count_in_cargo="0" count_in_hoarder="0" count_in_map="1" count_in_player="0" crafted="0" deloot="0"/>
	</type>
	<type name="EXT_UH60M_Door_2_2">
		<nominal>0</nominal>
		<lifetime>86400</lifetime>
		<restock>1800</restock>
		<min>0</min>
		<quantmin>-1</quantmin>
		<quantmax>-1</quantmax>
		<cost>100</cost>
		<flags count_in_cargo="0" count_in_hoarder="0" count_in_map="1" count_in_player="0" crafted="0" deloot="0"/>
	</type>
	<type name="EXT_UH60MWreck">
		<nominal>0</nominal>
		<lifetime>86400</lifetime>
		<restock>1800</restock>
		<min>0</min>
		<quantmin>-1</quantmin>
		<quantmax>-1</quantmax>
		<cost>100</cost>
		<flags count_in_cargo="0" count_in_hoarder="0" count_in_map="1" count_in_player="0" crafted="0" deloot="0"/>
	</type>
	<type name="EXT_UH60M">
		<nominal>0</nominal>
		<lifetime>86400</lifetime>
		<restock>1800</restock>
		<min>0</min>
		<quantmin>-1</quantmin>
		<quantmax>-1</quantmax>
		<cost>100</cost>
		<flags count_in_cargo="0" count_in_hoarder="0" count_in_map="1" count_in_player="0" crafted="0" deloot="0"/>		
	</type>
</types>