<?xml version="1.0" encoding="UTF-8" standalone="yes"?>
<events>
    <event name="VehicleHelicopter">
        <nominal>3</nominal>
        <min>2</min>
        <max>4</max>
        <lifetime>3888000</lifetime>
        <restock>86400</restock>
        <saferadius>500</saferadius>
        <distanceradius>500</distanceradius>
        <cleanupradius>200</cleanupradius>
        <flags deletable="1" init_random="1" remove_damaged="0"/>
        <position>fixed</position>
        <limit>mixed</limit>
        <active>1</active>
        <children>
            <child lootmax="0" lootmin="0" max="1" min="1" type="ExpansionUh1h"/>
        </children>
    </event>
</events>