<?xml version="1.0" encoding="UTF-8" standalone="yes" ?>

<spawnabletypes>
	<type name="EXT_MH6">
		<attachments chance="1.00">
			<item name="HeadlightH7" chance="0.10" />
		</attachments>
		<attachments chance="0.10">
			<item name="ExpansionHydraulicHoses" chance="1.00" />
		</attachments>
		<attachments chance="0.10">
			<item name="ExpansionIgniterPlug" chance="1.00" />
		</attachments>
		<attachments chance="0.10">
			<item name="ExpansionHelicopterBattery" chance="0.10" />
		</attachments>
	</type>
	<type name="EXT_Uh1h_Takistan">
		<attachments chance="1.00">
			<item name="HeadlightH7" chance="0.10" />
		</attachments>
		<attachments chance="1.00">
			<item name="EXT_Uh1hDoor_1_1_Takistan" chance="1.00" />
		</attachments>
		<attachments chance="1.00">
			<item name="EXT_Uh1hDoor_1_2_Takistan" chance="1.00" />
		</attachments>
		<attachments chance="1.00">
			<item name="Expansion_Uh1hDoor_2_1" chance="1.00" />
		</attachments>
		<attachments chance="1.00">
			<item name="ExpansionUh1hDoor_2_2" chance="1.00" />
		</attachments>
		<attachments chance="0.10">
			<item name="ExpansionHydraulicHoses" chance="1.00" />
		</attachments>
		<attachments chance="0.10">
			<item name="ExpansionIgniterPlug" chance="1.00" />
		</attachments>
		<attachments chance="0.10">
			<item name="ExpansionHelicopterBattery" chance="0.10" />
		</attachments>
	</type>
	<type name="EXT_UH1Y">
		<attachments chance="1.00">
			<item name="HeadlightH7" chance="0.10" />
		</attachments>
		<attachments chance="1.00">
			<item name="EXT_UH1Y_door_2_1_USMC" chance="1.00" />
		</attachments>
		<attachments chance="1.00">
			<item name="EXT_UH1Y_door_1_1_USMC" chance="1.00" />
		</attachments>
		<attachments chance="0.10">
			<item name="ExpansionHydraulicHoses" chance="1.00" />
		</attachments>
		<attachments chance="0.10">
			<item name="ExpansionIgniterPlug" chance="1.00" />
		</attachments>
		<attachments chance="0.10">
			<item name="ExpansionHelicopterBattery" chance="0.10" />
		</attachments>
	</type>
	<type name="EXT_UH60M_Green">
		<attachments chance="1.00">
			<item name="HeadlightH7" chance="0.10" />
		</attachments>
		<attachments chance="1.00">
			<item name="EXT_UH60M_Door_1_2" chance="1.00" />
		</attachments>
		<attachments chance="1.00">
			<item name="EXT_UH60M_Door_1_1" chance="1.00" />
		</attachments>
		<attachments chance="1.00">
			<item name="EXT_UH60M_Door_2_1" chance="1.00" />
		</attachments>
		<attachments chance="1.00">
			<item name="EXT_UH60M_Door_2_2" chance="1.00" />
		</attachments>
		<attachments chance="0.10">
			<item name="ExpansionHydraulicHoses" chance="1.00" />
		</attachments>
		<attachments chance="0.10">
			<item name="ExpansionIgniterPlug" chance="1.00" />
		</attachments>
		<attachments chance="0.10">
			<item name="ExpansionHelicopterBattery" chance="0.10" />
		</attachments>
	</type>
	<type name="EXT_MI8">
		<attachments chance="1.00">
			<item name="HeadlightH7" chance="0.10" />
		</attachments>
		<attachments chance="1.00">
			<item name="EXT_MI8Door" chance="1.00" />
		</attachments>
		<attachments chance="1.00">
			<item name="EXT_MI8FrontWheel" chance="1.00" />
		</attachments>
		<attachments chance="1.00">
			<item name="EXT_MI8FrontWheel" chance="1.00" />
		</attachments>
		<attachments chance="1.00">
			<item name="EXT_MI8BackWheel" chance="1.00" />
		</attachments>
		<attachments chance="1.00">
			<item name="EXT_MI8BackWheel" chance="1.00" />
		</attachments>
		<attachments chance="0.10">
			<item name="ExpansionHydraulicHoses" chance="1.00" />
		</attachments>
		<attachments chance="0.10">
			<item name="ExpansionIgniterPlug" chance="1.00" />
		</attachments>
		<attachments chance="0.10">
			<item name="ExpansionHelicopterBattery" chance="0.10" />
		</attachments>
	</type>
</spawnabletypes>